lastName,,apiVersion,script,id,firstName,lastName,countryOrigin,countryOriginAlt,countriesOriginTop,score,regionOrigin,topRegionOrigin,subRegionOrigin,probabilityCalibrated,probabilityAltCalibrated
Vaguine,unset,namsor_api_2.0.30,LATIN,48bdf319-5046-406a-9fa8-6447655fd1f8,,Vaguine,FR,MZ,"FR,MZ,TD,MR,CM,LT,IT,MA,CI,IE",1.149031196,Europe,Europe,Western Europe,0.468808536,0.481684013
Onyekaozulu,unset,namsor_api_2.0.30,LATIN,8a704b5b-823a-4e82-8779-757de7c6b0af,,Onyekaozulu,NG,CD,"NG,CD,ZA,TR,MW,KE,ZM,BW,UG,GH",29.41574659,Africa,Africa,Western Africa,0.976491518,0.981053444
Chiazagomekpele,unset,namsor_api_2.0.30,LATIN,4b966a78-c423-4e29-8b40-7c8fea15e5d4,,Chiazagomekpele,NG,BJ,"NG,BJ,TG,IT,BW,CI,MZ,CD,MW,CM",4.612322775,Africa,Africa,Western Africa,0.56451715,0.655742592
Fleetwood-Smith,unset,namsor_api_2.0.30,LATIN,fcbf51fd-e3c0-4aff-9e10-bccc0dba0536,,Fleetwood-Smith,GB,IE,"GB,IE,NO,NL,DE,LK,LA,DK,TH,BN",18.91559818,Europe,Europe,Northern Europe,0.929179383,0.984760659
Anayolisa,unset,namsor_api_2.0.30,LATIN,a5488092-edb4-4a5a-ba0c-38b698ca109d,,Anayolisa,NG,"ID","NG,ID,RW,ES,CD,TZ,NA,TG,UG,ET",3.350467585,Africa,Africa,Western Africa,0.50978323,0.589744721
Barese,unset,namsor_api_2.0.30,LATIN,a757a480-28f4-412e-ae75-4e0ec652bc21,,Barese,IT,ET,"IT,ET,FR,IL,BW,DE,RO,RW,SN,ZA",7.198201466,Europe,Europe,Southern Europe,0.678646843,0.730051061
P'eng,unset,namsor_api_2.0.30,LATIN,e9047866-86ba-4994-8ed5-6dec540d5dfc,,P'eng,TW,LA,"TW,LA,CN,HK,GA,BW,LS,TH,MM,CM",1.14787307,Asia,Asia,Eastern Asia,0.468766587,0.498191067
Gotch,unset,namsor_api_2.0.30,LATIN,eda78e02-33c2-4664-b501-e4b9c8be0257,,Gotch,IL,GB,"IL,GB,CI,BY,UA,DE,IE,LR,MW,BW",3.953819624,Asia,Asia,Western Asia,0.512767281,0.779297945
Chienezie,unset,namsor_api_2.0.30,LATIN,f2409eb0-cfb4-43cf-8f77-2bbd99445bd8,,Chienezie,NG,TW,"NG,TW,MY,CI,IT,FR,ZW,IL,ZA,CM",10.35016102,Africa,Africa,Western Africa,0.791094435,0.806003142
Chigolum,unset,namsor_api_2.0.30,LATIN,a3061751-e484-4e50-b7e3-ac85f35d8167,,Chigolum,NG,MU,"NG,MU,TZ,KE,MW,ZW,LK,MD,IN,TD",4.912541632,Africa,Africa,Western Africa,0.579220371,0.621635519
Ts'ui,unset,namsor_api_2.0.30,LATIN,c179b532-54c6-4281-bb3e-a37ef721dde4,,Ts'ui,LS,GA,"LS,GA,CG,HK,TG,MN,BT,TW,FJ,KM",5.497654033,Africa,Africa,Southern Africa,0.597928472,0.630134107
Huguley,unset,namsor_api_2.0.30,LATIN,4a913dac-4be8-4d8b-9be1-3fd3eeb846cc,,Huguley,IE,GB,"IE,GB,FR,GH,CH,NE,ZA,LR,IL,ET",0.077306932,Europe,Europe,Northern Europe,0.344771244,0.630558035
T'ao,unset,namsor_api_2.0.30,LATIN,878c5420-5e25-4214-b2b0-f8858ddad603,,T'ao,TG,MZ,"TG,MZ,TW,FJ,VN,LS,CF,KH,CN,CI",0.328056882,Africa,Africa,Western Africa,0.385008319,0.385008319
Cavenagh,unset,namsor_api_2.0.30,LATIN,f44c060b-0d90-4fbb-905c-44e3e465fe3a,,Cavenagh,IE,GB,"IE,GB,BE,FR,IL,FJ,IT,ZA,MU,CH",9.920736954,Europe,Europe,Northern Europe,0.771642807,0.949070142
Greenwalt,unset,namsor_api_2.0.30,LATIN,dc153416-398e-4eb1-af10-bf9049d1b380,,Greenwalt,IL,GB,"IL,GB,DE,SE,IE,CH,ZA,AT,FR,NL",3.607484515,Asia,Asia,Western Asia,0.511264589,0.657930589
Sagese,unset,namsor_api_2.0.30,LATIN,5a0dce7b-5f56-430b-8611-9faf4aeb6211,,Sagese,ET,NO,"ET,NO,TZ,DE,IT,ER,IN,ZA,EE,SN",4.757235444,Africa,Africa,Eastern Africa,0.572155912,0.627305936
Ch'ien,unset,namsor_api_2.0.30,LATIN,4810e5d3-7b58-4111-a529-fa90a5147c89,,Ch'ien,TW,VN,"TW,VN,MU,MY,BT,TH,DK,TN,BN,CN",4.047814565,Asia,Asia,Eastern Asia,0.521937327,0.621337156
Ch'eng,unset,namsor_api_2.0.30,LATIN,08cf70e0-9ff2-41a1-bda1-872e7b6ce976,,Ch'eng,TW,HK,"TW,HK,LA,CN,MY,TH,LS,GM,BW,BT",3.133343476,Asia,Asia,Eastern Asia,0.508223239,0.512270142
Sturdee,unset,namsor_api_2.0.30,LATIN,0693a38f-9c1b-4dbe-95a1-5ae4560516f7,,Sturdee,GB,LR,"GB,LR,IE,MU,NL,IL,DE,FR,SE,NO",5.537239083,Europe,Europe,Northern Europe,0.598844685,0.752667665
McEncroe,unset,namsor_api_2.0.30,LATIN,63796b6b-b0d0-499e-ab9e-e103ab64e437,,McEncroe,IE,GB,"IE,GB,ZA,MZ,SR,TZ,RO,KM,LR,GM",6.408785054,Europe,Europe,Northern Europe,0.648407852,0.872642173
Okwudiliolisa,unset,namsor_api_2.0.30,LATIN,a4bda2dc-f14f-4e1a-baac-ae278bbe3be4,,Okwudiliolisa,NG,"ID","NG,ID,UG,CD,CG,KE,ZA,IT,BN,GH",24.15660452,Africa,Africa,Western Africa,0.961395575,0.968642597
Kaodilinakachukwu,unset,namsor_api_2.0.30,LATIN,55a5c22e-6b06-4907-b4c2-95425c50570b,,Kaodilinakachukwu,NG,TH,"NG,TH,CD,ZM,ZW,TZ,BW,MW,NA,UG",25.97168603,Africa,Africa,Western Africa,0.966970243,0.972178149
Garran,unset,namsor_api_2.0.30,LATIN,e9165eb3-c929-4b88-9776-fadb5e7739fa,,Garran,ES,IE,"ES,IE,GB,FR,IL,TN,SA,EG,PS,LR",3.512622794,Europe,Europe,Southern Europe,0.51075905,0.74437776
Chiekwugo,unset,namsor_api_2.0.30,LATIN,19ab795c-97e3-449c-95d6-1bc1e87118a1,,Chiekwugo,NG,KE,"NG,KE,TW,ZW,MZ,IT,MW,VN,CM,KH",13.77303751,Africa,Africa,Western Africa,0.869009699,0.888642702
Afamefula,unset,namsor_api_2.0.30,LATIN,a7baa7f9-540e-4f13-b292-3d8413959190,,Afamefula,NG,TG,"NG,TG,NA,CD,MW,GH,KE,GA,MZ,UG",6.857411991,Africa,Africa,Western Africa,0.668426436,0.741686779
Rishel,unset,namsor_api_2.0.30,LATIN,ace46268-f474-4159-b6b2-406edc15f7ec,,Rishel,IL,BD,"IL,BD,UA,SA,EG,SY,PS,DE,IN,BN",2.967995767,Asia,Asia,Western Asia,0.506808407,0.778887093
Yefremov,unset,namsor_api_2.0.30,LATIN,250b0dc6-f65f-43dd-957c-7dc717bf3902,,Yefremov,UA,RU,"UA,RU,KZ,UZ,BY,AZ,BG,TM,IL,TJ",6.617715752,Europe,Europe,Eastern Europe,0.658846152,0.756314817
Dumetochukwu,unset,namsor_api_2.0.30,LATIN,3d921a22-791e-4112-9d2b-588617ff0bb2,,Dumetochukwu,NG,ZA,"NG,ZA,ZW,GH,BW,NA,TH,TG,KG,UA",24.83380839,Africa,Africa,Western Africa,0.962950492,0.973797726
Ignatieff,unset,namsor_api_2.0.30,LATIN,236c7df9-1881-4dcc-b860-74dd8dd45c74,,Ignatieff,IL,FR,"IL,FR,BG,TD,DE,RU,HU,RO,UA,NG",1.332078075,Asia,Asia,Western Asia,0.475119663,0.495249051
De Bernales,unset,namsor_api_2.0.30,LATIN,afaf246f-33dd-4a3e-b6e1-bec8f8926037,,De Bernales,ES,PT,"ES,PT,FR,ET,IT,DZ,NL,MA,BE,IE",11.23048229,Europe,Europe,Southern Europe,0.817185992,0.942797973
Connely,unset,namsor_api_2.0.30,LATIN,79a890fc-a8aa-4fb4-942e-ffc8d2838776,,Connely,IE,GB,"IE,GB,LR,FR,IL,ZA,SL,ML,CI,GM",12.21226174,Europe,Europe,Northern Europe,0.828744576,0.890552954
Soubeiran,unset,namsor_api_2.0.30,LATIN,0d05e556-085e-46ff-9684-23e173a6ff16,,Soubeiran,LB,NE,"LB,NE,FR,JO,LK,SY,IR,MA,BJ,MR",0.135622294,Asia,Asia,Western Asia,0.35420993,0.451256637
Kambinachi,unset,namsor_api_2.0.30,LATIN,9221b94f-b34f-4a6d-bac3-5330c6cc8267,,Kambinachi,ZW,CI,"ZW,CI,KE,JP,MW,TZ,LK,NA,TN,IN",0.62323678,Africa,Africa,Eastern Africa,0.43024403,0.43024403
Muravyova,unset,namsor_api_2.0.30,LATIN,7f8c36f8-2a13-45b9-8b0a-cce7314011a5,,Muravyova,RU,SK,"RU,SK,AZ,UA,UZ,BY,KZ,CZ,BG,KG",0.017045931,Europe,Europe,Eastern Europe,0.334995473,0.450147808
Chiazagomekpere,unset,namsor_api_2.0.30,LATIN,9585e617-d691-456b-8b8a-db8849355905,,Chiazagomekpere,NG,BJ,"NG,BJ,ZW,TG,IT,GH,MW,CI,ES,FR",4.358255904,Africa,Africa,Western Africa,0.548206177,0.633653636
Chiemenam,unset,namsor_api_2.0.30,LATIN,7bfec77f-d7d8-445f-95db-cc24c40fe327,,Chiemenam,TH,VN,"TH,VN,NG,CM,MY,KH,DZ,LA,BN,TD",1.168619042,Asia,Asia,South-Eastern Asia,0.469514226,0.487534447
O'Sullivan,unset,namsor_api_2.0.30,LATIN,da353fd7-6499-4525-8414-8890565745e4,,O'Sullivan,IE,GB,"IE,GB,QA,IL,RO,KW,ZA,IN,HU,BN",31.62156661,Europe,Europe,Northern Europe,0.982095299,0.996215096
Ts'ao,unset,namsor_api_2.0.30,LATIN,335ce5ec-99f8-496f-9105-90fc953914d4,,Ts'ao,LS,TW,"LS,TW,TG,MZ,BT,CN,CG,GA,HK,MG",10.09059866,Africa,Africa,Southern Africa,0.777884663,0.823651424
Taubman,unset,namsor_api_2.0.30,LATIN,d17b06d8-48eb-4cbe-893f-1d6709a68672,,Taubman,IL,GB,"IL,GB,LR,AT,IE,DE,TH,EE,SE,KZ",8.404843404,Asia,Asia,Western Asia,0.730419466,0.783015294
Ijendu,unset,namsor_api_2.0.30,LATIN,62e54b88-11ad-4771-af38-d33dc879f846,,Ijendu,NG,NA,"NG,NA,CD,KE,TZ,ZW,ZM,IN,ZA,RO",7.136470492,Africa,Africa,Western Africa,0.677043712,0.707809281
Golibe,unset,namsor_api_2.0.30,LATIN,7a22323b-0a33-4d33-b2f1-c4818937d566,,Golibe,CI,ZA,"CI,ZA,ML,TD,TG,ET,LV,SN,NA,GN",4.442567127,Africa,Africa,Western Africa,0.55407365,0.583801207
Buccho,unset,namsor_api_2.0.30,LATIN,dd69b3fa-e9c8-4d38-ba02-6baae7591ad9,,Buccho,IT,MU,"IT,MU,PT,FR,MZ,TG,NG,CH,BW,ES",6.898329984,Europe,Europe,Southern Europe,0.669844938,0.752038348
Dolgorukova,unset,namsor_api_2.0.30,LATIN,53ae3708-b45f-4e5e-b6a9-de7d37308141,,Dolgorukova,RU,SK,"RU,SK,UA,BG,CZ,BY,KZ,LV,UZ,KG",9.664083432,Europe,Europe,Eastern Europe,0.768247898,0.780133919
Ch'in,unset,namsor_api_2.0.30,LATIN,6758fa87-c1d6-4171-a792-3488b421ecb5,,Ch'in,TW,MY,"TW,MY,KH,BN,BT,KR,MM,SR,MR,HK",0.503254905,Asia,Asia,Eastern Asia,0.412238524,0.460724229
Radcliffe-Brown,unset,namsor_api_2.0.30,LATIN,2f92815b-275b-464f-896c-bbad38a6b804,,Radcliffe-Brown,GB,IE,"GB,IE,GH,FJ,BN,QA,KW,FR,IL,LY",10.44671669,Europe,Europe,Northern Europe,0.795197014,0.973135771
Ts'ai,unset,namsor_api_2.0.30,LATIN,a211b9e8-3123-408b-815c-3424e924d272,,Ts'ai,LS,TW,"LS,TW,BT,HK,TG,MN,ER,FJ,CN,ZW",11.50527234,Africa,Africa,Southern Africa,0.821626898,0.860172916
Iweobiegbunam,unset,namsor_api_2.0.30,LATIN,d07bd05f-9b10-424b-8684-89496c084dcd,,Iweobiegbunam,NG,TG,"NG,TG,LA,BN,CF,MU,GA,TH,IN,BD",23.84374641,Africa,Africa,Western Africa,0.960234525,0.963948538
Palmerston,unset,namsor_api_2.0.30,LATIN,42048bce-3022-47ec-ab8e-d9207121e735,,Palmerston,GB,SE,"GB,SE,IE,FI,HU,DK,EE,FR,ES,IL",5.365705017,Europe,Europe,Northern Europe,0.594601205,0.821114305
Onyeoruru,unset,namsor_api_2.0.30,LATIN,61e83d59-f96d-450c-93cf-a597af71efd2,,Onyeoruru,NG,KE,"NG,KE,UG,BW,NA,RO,ZW,CD,TR,FJ",7.370362631,Africa,Africa,Western Africa,0.6826293,0.957983194
Akubundu,unset,namsor_api_2.0.30,LATIN,8079765c-672a-41d5-b013-6be40a4df714,,Akubundu,NG,UG,"NG,UG,CD,KE,NA,GH,RW,ZM,TZ,TR",5.576891766,Africa,Africa,Western Africa,0.599727087,0.651906202
Onio,unset,namsor_api_2.0.30,LATIN,9ae67a91-fdab-47c6-b5da-bf9a70d5d843,,Onio,CG,BJ,"CG,BJ,NG,IT,JP,KE,ES,MZ,PT,FI",0.077020789,Africa,Africa,Middle Africa,0.344724865,0.384398739
Chukwufumnanya,unset,namsor_api_2.0.30,LATIN,912a124a-0051-4ca6-aabb-d96af3e0a906,,Chukwufumnanya,NG,TH,"NG,TH,ZW,MW,LA,IN,ZM,TZ,ZA,UA",4.75831657,Africa,Africa,Western Africa,0.572208914,0.870221071
Yobachukwu,unset,namsor_api_2.0.30,LATIN,6a287ef6-d6a4-4143-b0fb-bb1f4f09bab8,,Yobachukwu,NG,CM,"NG,CM,BY,SN,MW,CD,TZ,ZA,ZW,ER",25.70751811,Africa,Africa,Western Africa,0.9646418,0.972337692
Mullawirraburka,unset,namsor_api_2.0.30,LATIN,c896e776-4ad1-44d2-af29-b75e74e079e9,,Mullawirraburka,CZ,PL,"CZ,PL,KE,AL,SK,IN,AT,MU,ID,DE",2.921769922,Europe,Europe,Eastern Europe,0.506373469,0.508853083
O'Brien,unset,namsor_api_2.0.30,LATIN,acbe5cbf-47f9-4cbf-8785-c5524555d801,,O'Brien,IE,GB,"IE,GB,FR,NO,NL,IL,BE,DK,CI,NG",23.7571739,Europe,Europe,Northern Europe,0.959843746,0.996215096
Palerma,unset,namsor_api_2.0.30,LATIN,754c01a3-9597-46aa-9e2f-054db291d459,,Palerma,BF,IT,"BF,IT,ES,IN,FI,EE,CZ,ID,RO,AL",1.363800874,Africa,Africa,Western Africa,0.476148573,0.507036844
Onyeorulu,unset,namsor_api_2.0.30,LATIN,f2498ddc-d608-4f8c-8fdd-d9791973d189,,Onyeorulu,NG,KE,"NG,KE,TR,CD,UG,BW,RO,NA,ZA,EE",22.02223479,Africa,Africa,Western Africa,0.948012154,0.956484464
Uspensky,unset,namsor_api_2.0.30,LATIN,24563b3c-b35d-4427-8ffa-e00e96c4f03a,,Uspensky,UA,RU,"UA,RU,BY,SK,CZ,IL,DE,UZ,KZ,EE",3.475965656,Europe,Europe,Eastern Europe,0.510551256,0.586911045
Iroawuchi,unset,namsor_api_2.0.30,LATIN,369f97ca-d7de-4310-8cbc-16c74ddc4e3d,,Iroawuchi,NG,JP,"NG,JP,NE,MD,MA,IR,RO,CI,TG,KE",11.36568665,Africa,Africa,Western Africa,0.81952341,0.933440601
Kwemtochukwu,unset,namsor_api_2.0.30,LATIN,da1278e2-b995-40ee-9066-19c7886fac11,,Kwemtochukwu,NG,CM,"NG,CM,ZW,MW,TZ,UG,KE,CD,ZA,ZM",13.93167546,Africa,Africa,Western Africa,0.870684508,0.909421664
Aksyonov,unset,namsor_api_2.0.30,LATIN,eb047822-59bd-4030-b0b7-38e0f81d62ae,,Aksyonov,UZ,RU,"UZ,RU,BG,KZ,KG,BY,TJ,UA,TM,AZ",3.630154421,Asia,Asia,Central Asia,0.511378833,0.757442636
Onyemachukwu,unset,namsor_api_2.0.30,LATIN,8e9c18a9-d55d-477d-b2f7-96e0292ab7c9,,Onyemachukwu,NG,KE,"NG,KE,GH,CM,UG,CD,BW,ZW,TZ,NA",51.82386209,Africa,Africa,Western Africa,0.995102761,0.996215096
Messersmith,unset,namsor_api_2.0.30,LATIN,28397d41-b0a9-41bb-955d-1eeb88dc96b3,,Messersmith,GB,IE,"GB,IE,IL,DE,NL,NO,TN,DK,ZA,AT",14.96375178,Europe,Europe,Northern Europe,0.885408842,0.91112909
Ch'ang,unset,namsor_api_2.0.30,LATIN,be6015e3-8c03-48cc-ac01-7c34955df197,,Ch'ang,TW,CN,"TW,CN,HK,VN,LA,TH,MY,GM,BT,CM",4.27650497,Asia,Asia,Eastern Asia,0.542037395,0.554267915
Pagnotto,unset,namsor_api_2.0.30,LATIN,d46b4440-ca3f-426e-980f-095e350693ff,,Pagnotto,IT,FR,"IT,FR,TG,BJ,CI,CM,PT,DE,HU,FI",21.64757323,Europe,Europe,Southern Europe,0.947143934,0.972574079
Sopuluchukwu,unset,namsor_api_2.0.30,LATIN,9638f2cc-18cd-408a-9339-58304738a072,,Sopuluchukwu,NG,ZA,"NG,ZA,MU,TH,ZW,ID,SN,NA,ZM,CM",35.68115381,Africa,Africa,Western Africa,0.994064323,0.994064323
Udinese,unset,namsor_api_2.0.30,LATIN,10dfec09-c264-4b7d-b21c-210bc40d1c8b,,Udinese,NG,RO,"NG,RO,IT,RW,NA,ZW,EE,ET,LV,ID",0.311932061,Africa,Africa,Western Africa,0.382456726,0.403953206
O'Donnell,unset,namsor_api_2.0.30,LATIN,aa006d75-74f6-4b6e-ba0d-043e0b65b15b,,O'Donnell,IE,GB,"IE,GB,SE,LR,ZA,FI,IL,NO,DE,ES",15.3983143,Europe,Europe,Northern Europe,0.895169208,0.991372411
Outtrim,unset,namsor_api_2.0.30,LATIN,28fc56f1-4a53-44ba-bf2e-dccc169d02c4,,Outtrim,MA,GB,"MA,GB,TD,DZ,NE,KH,IE,MR,PT,TH",2.898103479,Africa,Africa,Northern Africa,0.506143702,0.582358882
Dilke,unset,namsor_api_2.0.30,LATIN,25f6d23e-997e-40a4-9bf9-0c7ec1b72da0,,Dilke,DE,IE,"DE,IE,GB,LK,LT,IL,BE,TR,ET,LV",2.351492342,Europe,Europe,Western Europe,0.49926793,0.61140137
Lucciano,unset,namsor_api_2.0.30,LATIN,bbbcdc6b-d8ba-42b5-9bec-4965636f2445,,Lucciano,IT,FR,"IT,FR,ES,PT,TZ,MZ,ID,IL,MG,NA",17.89681503,Europe,Europe,Southern Europe,0.922147729,0.928905533
Macgroarty,unset,namsor_api_2.0.30,LATIN,fcafc22e-bdc7-4539-8ea6-79df0ece5790,,Macgroarty,IE,GB,"IE,GB,ID,LR,FR,IN,IL,EG,BN,BD",7.64343752,Europe,Europe,Northern Europe,0.687696231,0.951452914
Bidencope,unset,namsor_api_2.0.30,LATIN,41910640-de4e-45c2-b100-bedee7d3ecdd,,Bidencope,FR,NG,"FR,NG,GB,RO,MD,BJ,IT,LV,ZA,IL",0,Europe,Europe,Western Europe,0.286145835,0.413381121
Nwebube,unset,namsor_api_2.0.30,LATIN,220d97da-11a9-439c-a1e6-4e2b11ff6fec,,Nwebube,NG,ZA,"NG,ZA,UG,BW,ZM,ZW,CD,MZ,CM,MM",9.093613141,Africa,Africa,Western Africa,0.756714008,0.862777992
Zetticci,unset,namsor_api_2.0.30,LATIN,815a6871-3ab0-42ff-8856-bf4f30abd135,,Zetticci,IT,IL,"IT,IL,DZ,MD,MA,TR,CZ,FR,XK,TN",15.72842918,Europe,Europe,Southern Europe,0.900211055,0.925756011
Napolitani,unset,namsor_api_2.0.30,LATIN,44e97f61-6ef5-4327-9a64-ce2e837cab9d,,Napolitani,IT,"ID","IT,ID,TG,AL,GE,NA,XK,TZ,IR,TN",17.11137217,Europe,Europe,Southern Europe,0.909868139,0.921123226
Cumbrae-Stewart,unset,namsor_api_2.0.30,LATIN,3b86114b-4315-403e-8a61-5fcc2d799240,,Cumbrae-Stewart,GB,BE,"GB,BE,IE,DE,ZA,NA,NL,FR,CH,IL",12.09806081,Europe,Europe,Northern Europe,0.827906847,0.876727675
Lassetter,unset,namsor_api_2.0.30,LATIN,18f6b258-e5e3-4175-bd7e-c11a10fb27c7,,Lassetter,AT,IL,"AT,IL,CH,DE,FR,HU,NO,GB,EE,DK",3.28184098,Europe,Europe,Western Europe,0.509323606,0.596422433
Iloerika,unset,namsor_api_2.0.30,LATIN,89a3ef79-9dbf-4c46-ae23-a26bee87da09,,Iloerika,NG,NA,"NG,NA,CG,HU,ID,NE,FI,CD,TZ,RW",1.788680618,Africa,Africa,Western Africa,0.488114594,0.739260314
Onwuemelie,unset,namsor_api_2.0.30,LATIN,0801a3e9-bf7d-486e-a0ec-4caf624aee47,,Onwuemelie,NG,LR,"NG,LR,GA,CM,TG,GH,CI,TD,CG,RO",28.89940649,Africa,Africa,Western Africa,0.974258255,0.977044601
Chimaijem,unset,namsor_api_2.0.30,LATIN,9e470838-b01e-443b-8641-afe5a5b42e9e,,Chimaijem,TH,TN,"TH,TN,MA,NG,MR,MN,IN,MW,KH,ZW",0.152113614,Asia,Asia,South-Eastern Asia,0.356873087,0.388843603
Sievier,unset,namsor_api_2.0.30,LATIN,5aa2b6e8-3254-4029-a553-38225e614e2c,,Sievier,FR,CH,"FR,CH,DE,NL,IL,GB,AT,ES,BE,ZA",0.271990987,Europe,Europe,Western Europe,0.376109659,0.408444738
Parry-Okeden,unset,namsor_api_2.0.30,LATIN,597394c0-5299-40e9-9401-03bff995336d,,Parry-Okeden,GB,MU,"GB,MU,FI,EE,IE,SE,NL,DK,BE,IL",3.335976551,Europe,Europe,Northern Europe,0.509688606,0.613395809
Yermakova,unset,namsor_api_2.0.30,LATIN,8a6620d6-8c28-4748-994c-8192a2e91946,,Yermakova,KZ,UA,"KZ,UA,BY,RU,UZ,CZ,BG,SK,KG,TM",8.712606014,Asia,Asia,Central Asia,0.744411508,0.809698697
Highett,unset,namsor_api_2.0.30,LATIN,e9411f62-e498-4a41-be25-1c16e6025245,,Highett,GB,IE,"GB,IE,IL,AT,DE,CH,MM,FR,NO,QA",6.886096928,Europe,Europe,Northern Europe,0.669426908,0.96597904
Fanucci,unset,namsor_api_2.0.30,LATIN,5877b8e9-1421-4896-b3b2-495e51f61021,,Fanucci,IT,FR,"IT,FR,MD,RO,IL,CH,XK,ID,NG,AL",27.53463244,Europe,Europe,Southern Europe,0.973056463,0.973617326
Lo Duca,unset,namsor_api_2.0.30,LATIN,960f936e-cdc9-45f2-a0ec-8af486519e41,,Lo Duca,IT,PT,"IT,PT,ES,FR,RO,VN,MZ,AL,ZA,SN",15.5402702,Europe,Europe,Southern Europe,0.897542388,0.935481097
Kanayochukwu,unset,namsor_api_2.0.30,LATIN,f3ca8606-d071-4e2e-bbd7-f9bae6bab10b,,Kanayochukwu,NG,CD,"NG,CD,CM,UG,NA,ZW,TH,KE,MW,TZ",32.25353817,Africa,Africa,Western Africa,0.982416349,0.984112001
Yobanna,unset,namsor_api_2.0.30,LATIN,cf1d4ffc-a483-4c86-a57b-beabe986f4a2,,Yobanna,LK,NE,"LK,NE,TG,KH,ID,CM,IN,TH,CI,TD",0,Asia,Asia,Southern Asia,0.169908357,0.238090095
Obidimkpa,unset,namsor_api_2.0.30,LATIN,f90289cf-9aaf-43cc-b2b5-9c053430fe14,,Obidimkpa,NG,TG,"NG,TG,GA,BJ,CG,CM,CI,GH,UZ,BW",13.62982026,Africa,Africa,Western Africa,0.86725171,0.873508892
Otitodilinna,unset,namsor_api_2.0.30,LATIN,bb61066d-befe-4589-ba83-54ea1cf4df92,,Otitodilinna,NG,BW,"NG,BW,GH,KE,KZ,IT,CG,IN,TD,BJ",12.07671594,Africa,Africa,Western Africa,0.827739379,0.853905693
Synnot,unset,namsor_api_2.0.30,LATIN,fd202cfe-3231-4aed-ad95-b4e88a69345d,,Synnot,IE,FR,"IE,FR,GB,IL,NO,KH,MU,SE,BE,PS",10.63469793,Europe,Europe,Northern Europe,0.80213257,0.815834618
Chidiegwu,unset,namsor_api_2.0.30,LATIN,8351a0b3-7b11-4ed2-837e-82e2659208b9,,Chidiegwu,NG,ZW,"NG,ZW,MW,TW,TZ,BW,ZA,KE,CN,BJ",23.0210294,Africa,Africa,Western Africa,0.954717199,0.973470408
Yuryeva,unset,namsor_api_2.0.30,LATIN,167d25b2-89a6-4174-99eb-bf5483267b64,,Yuryeva,RU,KZ,"RU,KZ,UA,TM,BY,AZ,UZ,BG,TJ,KG",1.130139938,Europe,Europe,Eastern Europe,0.468121116,0.495216864
T'ang,unset,namsor_api_2.0.30,LATIN,3e8759fc-ac90-4d93-8b14-090fa2b831bf,,T'ang,TW,VN,"TW,VN,CN,CM,LA,HK,LS,MM,BW,GA",1.29480725,Asia,Asia,Eastern Asia,0.473886296,0.473886296
Congreve,unset,namsor_api_2.0.30,LATIN,6ddbfaa1-e402-4330-b057-5e82153dd8ac,,Congreve,GB,FR,"GB,FR,IE,BE,IT,MZ,DK,IL,CN,BF",2.553121491,Europe,Europe,Northern Europe,0.502186712,0.621993933
Alexeieva,unset,namsor_api_2.0.30,LATIN,513a7670-0d95-4a74-9731-e516bb967c96,,Alexeieva,BG,KZ,"BG,KZ,RU,UA,KG,UZ,BY,MD,MK,AZ",1.294755415,Europe,Europe,Eastern Europe,0.473884563,0.742636574
Mofflin,unset,namsor_api_2.0.30,LATIN,347b5675-ada6-48bd-8de3-9de7706f024a,,Mofflin,IE,GB,"IE,GB,CH,FR,SE,BJ,BN,ZA,MY,CI",1.213235728,Europe,Europe,Northern Europe,0.471094604,0.502691517
Arkwookerum,unset,namsor_api_2.0.30,LATIN,1bb04d6c-363a-4454-8db0-57ede78a8c42,,Arkwookerum,NO,TH,"NO,TH,GB,MU,GH,BN,IQ,ET,NL,SE",0,Europe,Europe,Northern Europe,0.312910984,0.448732868
Mordvinova,unset,namsor_api_2.0.30,LATIN,42e63c6b-dcda-4b40-8155-a2b4f86b5810,,Mordvinova,RU,SK,"RU,SK,CZ,UA,BG,MD,UZ,BY,KZ,LV",9.493813789,Europe,Europe,Eastern Europe,0.765464053,0.779599449
Maduabuchim,unset,namsor_api_2.0.30,LATIN,b018f2da-eb7d-48ea-be0c-88b1b33f2ed9,,Maduabuchim,TH,NG,"TH,NG,TZ,RO,MZ,TD,MY,LK,PT,KE",0.747946774,Asia,Asia,South-Eastern Asia,0.448279662,0.503345802
Warlow-Davies,unset,namsor_api_2.0.30,LATIN,889f8fa4-a686-4d96-9078-db4ad65b957b,,Warlow-Davies,GB,LR,"GB,LR,IL,FR,IE,DE,BE,NA,NL,SR",10.65205855,Europe,Europe,Northern Europe,0.80270975,0.905094469
De Salis,unset,namsor_api_2.0.30,LATIN,6721a7d9-a93b-4371-be17-6907011fa189,,De Salis,IT,"ID","IT,ID,ML,ES,PS,BJ,LK,PT,SN,MY",1.289789876,Europe,Europe,Southern Europe,0.473718239,0.473718239
Chukwujamuike,unset,namsor_api_2.0.30,LATIN,6955f0e6-bb9e-428b-878b-3a18bdefa44f,,Chukwujamuike,NG,ZW,"NG,ZW,TH,KE,NA,MW,CD,IN,ZM,MY",31.07582558,Africa,Africa,Western Africa,0.981590792,0.981590792
Howell-Price,unset,namsor_api_2.0.30,LATIN,f8ca7f48-4701-4ca7-a06c-9184c3dab5e3,,Howell-Price,GB,IE,"GB,IE,IL,FR,ZA,RW,TZ,NA,DE,EG",5.992407763,Europe,Europe,Northern Europe,0.619849168,0.930352743
Bellasis,unset,namsor_api_2.0.30,LATIN,d527e7a0-2e38-4db2-b308-93a8522ae601,,Bellasis,GR,LV,"GR,LV,IL,FR,GB,TN,IT,HU,DZ,CY",5.370269996,Europe,Europe,Southern Europe,0.594723731,0.692540513
Verjus,unset,namsor_api_2.0.30,LATIN,81ba4b20-f96b-42c0-b94e-732821bbcf4d,,Verjus,EE,LV,"EE,LV,FR,FI,BE,NL,LT,SI,MU,NO",1.617998755,Europe,Europe,Northern Europe,0.483706451,0.504561776
Chinwenma,unset,namsor_api_2.0.30,LATIN,a5b050de-96ba-4e68-ae00-134badd58a15,,Chinwenma,NG,ZW,"NG,ZW,MW,TH,ZM,CN,TW,LA,BJ,LR",7.061903085,Africa,Africa,Western Africa,0.674970729,0.691289414
Ukaegbunam,unset,namsor_api_2.0.30,LATIN,bf7bc8db-03ea-4e7d-9580-24c130f75e4a,,Ukaegbunam,NG,TH,"NG,TH,KR,BN,IN,LK,KH,LA,EE,TG",17.53567935,Africa,Africa,Western Africa,0.917361129,0.981214587
Onyemauchechukwu,unset,namsor_api_2.0.30,LATIN,764b0578-16d5-4ad6-8e15-590b22df6a8f,,Onyemauchechukwu,NG,KE,"NG,KE,BW,CM,ZW,GH,NA,UG,CD,ZA",55.33436278,Africa,Africa,Western Africa,0.995102761,0.996215096
Otutodilinna,unset,namsor_api_2.0.30,LATIN,8360ab56-df35-4c71-913f-d9b15ea21c1e,,Otutodilinna,NG,BW,"NG,BW,GH,KZ,IT,TD,BJ,CG,IN,BN",9.747557447,Africa,Africa,Western Africa,0.769448968,0.819074079
Ojiofor,unset,namsor_api_2.0.30,LATIN,4be65566-6aea-4425-8e5f-83b60cda9fcc,,Ojiofor,NG,CM,"NG,CM,MD,GH,RO,SR,TG,SO,KE,SD",22.94240528,Africa,Africa,Western Africa,0.953912379,0.983168498
T'an,unset,namsor_api_2.0.30,LATIN,a8f76ed7-09c7-4373-bb29-be47f638a9d6,,T'an,VN,BN,"VN,BN,MM,SR,TG,KH,SY,CN,MN,BT",0,Asia,Asia,South-Eastern Asia,0.121823258,0.177712582
Kodilinyechukwu,unset,namsor_api_2.0.30,LATIN,49f7ce4c-82ea-41bd-b88c-ccaf79822c39,,Kodilinyechukwu,NG,CD,"NG,CD,BW,ZA,CM,GH,KE,NA,ZW,TZ",31.23230337,Africa,Africa,Western Africa,0.981774249,0.981774249
Udegbulam,unset,namsor_api_2.0.30,LATIN,f5c42b1c-9dbe-4299-9414-399bacaba181,,Udegbulam,NG,MN,"NG,MN,BD,IN,BN,LK,PK,AF,TH,SA",19.06756756,Africa,Africa,Western Africa,0.929739529,0.935129499
Goliwe,unset,namsor_api_2.0.30,LATIN,2037a0aa-1617-4a23-bb0a-0deb3dc1639a,,Goliwe,ZA,NA,"ZA,NA,BW,MW,ZW,TG,LR,IL,CI,TZ",6.855079696,Africa,Africa,Southern Africa,0.668343824,0.748910599
Kirsova,unset,namsor_api_2.0.30,LATIN,3a5ce513-c13d-4dc5-8184-6731a606ddab,,Kirsova,CZ,RU,"CZ,RU,SK,BG,KZ,LV,EE,UA,UZ,BY",0,Europe,Europe,Eastern Europe,0.284464295,0.364628974
T'ien,unset,namsor_api_2.0.30,LATIN,886270d6-708f-4e97-aee5-64972b92f7a9,,T'ien,VN,TW,"VN,TW,BE,BT,NO,MU,ER,TH,BN,ET",0.502075237,Asia,Asia,South-Eastern Asia,0.412058638,0.503297802
Matveyev,unset,namsor_api_2.0.30,LATIN,fc12d32a-d49b-42d7-b97f-3b48ed4bc0bc,,Matveyev,UA,RU,"UA,RU,UZ,BY,KZ,TM,AZ,KG,IL,TJ",0.1264165,Europe,Europe,Eastern Europe,0.352721984,0.512397194
Nnaife,unset,namsor_api_2.0.30,LATIN,37a1bc11-0c78-4c5f-8085-b7843d60d7b5,,Nnaife,NG,MZ,"NG,MZ,BW,CM,UG,GB,GA,NA,TD,SA",18.12000114,Africa,Africa,Western Africa,0.924349051,0.931568503
Gratwick,unset,namsor_api_2.0.30,LATIN,497a258e-f75c-4abd-9d37-0140f3bd34a9,,Gratwick,GB,IE,"GB,IE,DE,IL,CH,AT,PL,SE,NO,FR",7.159339019,Europe,Europe,Northern Europe,0.677649151,0.717867537
Tokaryev,unset,namsor_api_2.0.30,LATIN,c2746baa-e3cc-46e8-88dd-89b4533a26b2,,Tokaryev,KZ,UA,"KZ,UA,TM,RU,UZ,KG,BY,AZ,BG,TJ",5.230364855,Asia,Asia,Central Asia,0.590705168,0.628075321
Pickworth,unset,namsor_api_2.0.30,LATIN,6826db92-e058-4084-a37f-a4124e2c1fff,,Pickworth,GB,IE,"GB,IE,DE,AT,IL,KH,DK,CZ,TH,GH",16.39503614,Europe,Europe,Northern Europe,0.906482974,0.924680522
O'Callaghan,unset,namsor_api_2.0.30,LATIN,293d7950-5124-40c2-8c27-8a2f04e2bcc5,,O'Callaghan,IE,GB,"IE,GB,IR,AF,QA,KW,SA,NG,JO,LB",26.13124714,Europe,Europe,Northern Europe,0.968105676,0.996215096
Ndubuagha,unset,namsor_api_2.0.30,LATIN,6e1641cf-ceae-47a0-99ae-3fb18de7aea2,,Ndubuagha,NG,KE,"NG,KE,GA,CM,CD,TZ,NA,BI,MW,BW",8.25668853,Africa,Africa,Western Africa,0.72198562,0.748020655
Li Fonti,unset,namsor_api_2.0.30,LATIN,86bc52d0-a141-41f5-9f22-a625dfdfbc6f,,Li Fonti,IT,MA,"IT,MA,MY,BN,FR,CM,BJ,ES,ID,CH",16.55636783,Europe,Europe,Southern Europe,0.907469083,0.920533387
Disher,unset,namsor_api_2.0.30,LATIN,51cf52a4-fbab-4edc-9efe-9024efcb72c0,,Disher,GB,IL,"GB,IL,IE,BD,EG,CH,PK,JO,ZA,IN",3.583866924,Europe,Europe,Northern Europe,0.511142931,0.524372401
Ebelegbulam,unset,namsor_api_2.0.30,LATIN,30355a38-1056-482b-adb3-4cd023d65bd2,,Ebelegbulam,NG,MN,"NG,MN,CM,EG,MR,ET,AF,TG,TD,GH",14.44426995,Africa,Africa,Western Africa,0.874591703,0.897595106
Crace,unset,namsor_api_2.0.30,LATIN,708f7f7d-fdb0-4211-a6de-afdc20865c7e,,Crace,GB,IE,"GB,IE,IT,RO,IL,FR,LR,ZA,NG,PS",2.796620745,Europe,Europe,Northern Europe,0.505101499,0.727215504
Yefremova,unset,namsor_api_2.0.30,LATIN,e628f79f-169e-485a-871a-4b028d4590a7,,Yefremova,UA,RU,"UA,RU,KZ,BY,AZ,UZ,BG,TM,CZ,MK",5.385243748,Europe,Europe,Eastern Europe,0.595121762,0.660454674
Degtyaryov,unset,namsor_api_2.0.30,LATIN,5a9586a7-1ea5-4cec-a722-63a29fa76a5f,,Degtyaryov,UA,RU,"UA,RU,BY,UZ,TM,KZ,KG,BG,TJ,IL",0.403636987,Europe,Europe,Eastern Europe,0.396874157,0.792081435
Bennelong,unset,namsor_api_2.0.30,LATIN,01846124-ce3b-4f7f-a1de-478329ec80fb,,Bennelong,CM,IE,"CM,IE,TH,GB,GH,BW,CN,VN,MY,TD",1.766518044,Africa,Africa,Middle Africa,0.487571401,0.487571401
Monaldo,unset,namsor_api_2.0.30,LATIN,97a98b1e-af0c-42ca-8f6e-1b4254e9eec1,,Monaldo,IT,ES,"IT,ES,PT,MZ,BW,ID,FR,LS,NA,GB",9.735054764,Europe,Europe,Southern Europe,0.769275393,0.836374201
Chiwetelu,unset,namsor_api_2.0.30,LATIN,fbbd5bda-dd13-463c-b8cb-a66b46d4400f,,Chiwetelu,NG,ZW,"NG,ZW,MW,ZM,TZ,NA,ET,ZA,RO,CD",0,Africa,Africa,Western Africa,0.320292171,0.375197765
Rischbieth,unset,namsor_api_2.0.30,LATIN,2f958497-a13e-4f7d-b0f1-1f53c569d02c,,Rischbieth,DE,CH,"DE,CH,IL,AT,DK,HU,ES,SR,NO,TN",9.711826997,Europe,Europe,Western Europe,0.768947104,0.801011414
Kaeppel,unset,namsor_api_2.0.30,LATIN,611e1a79-32c8-4786-bf3e-a75e23ac9223,,Kaeppel,DE,EE,"DE,EE,CH,IL,AT,NL,DK,BE,SR,FI",4.436855706,Europe,Europe,Western Europe,0.55369124,0.634156546
Kellway,unset,namsor_api_2.0.30,LATIN,c18657cf-68de-4ebf-a863-aa138e393651,,Kellway,IE,LR,"IE,LR,GB,ML,ET,IL,NE,TZ,EG,MR",2.701942646,Europe,Europe,Northern Europe,0.504041047,0.64028185
Ozuluonye,unset,namsor_api_2.0.30,LATIN,6a7cd172-a075-4d20-b8bf-730e8864b690,,Ozuluonye,NG,KE,"NG,KE,BW,UG,CM,TR,LS,GH,ZA,ZW",19.98170209,Africa,Africa,Western Africa,0.935223397,0.96397691
Padovesi,unset,namsor_api_2.0.30,LATIN,5769cfea-8d3b-4981-b04d-e17927e16a5f,,Padovesi,IT,HU,"IT,HU,RO,GR,EE,HR,ZA,SK,BJ,TG",0.851203865,Europe,Europe,Southern Europe,0.457213928,0.85148769
MacDevitt,unset,namsor_api_2.0.30,LATIN,0b1ad740-a6d7-4739-8579-484cb80f4fa9,,MacDevitt,IE,GB,"IE,GB,IL,EE,FR,PS,SL,SR,ZA,ZW",6.545515658,Europe,Europe,Northern Europe,0.655482039,0.964014766
Brazenor,unset,namsor_api_2.0.30,LATIN,ab781866-270e-46c7-8478-6d4cb0055f9b,,Brazenor,GB,IE,"GB,IE,IL,FR,PT,GH,CZ,LR,CH,NG",2.981128024,Europe,Europe,Northern Europe,0.506928699,0.543635954
Colebatch,unset,namsor_api_2.0.30,LATIN,36ce747c-37c0-4455-8f01-87fe30bd2fe2,,Colebatch,GB,IL,"GB,IL,IE,LR,FR,MD,GH,ZA,CI,KE",5.643287461,Europe,Europe,Northern Europe,0.601129025,0.66129557
Onyinyechukwuka,unset,namsor_api_2.0.30,LATIN,d9be7504-a46f-4579-aab6-8d96a0ee575f,,Onyinyechukwuka,NG,KE,"NG,KE,UG,CD,BW,ZW,UA,NA,CM,TZ",33.0146613,Africa,Africa,Western Africa,0.982616484,0.986529727
Zikoranachukwudimma,unset,namsor_api_2.0.30,LATIN,71746e65-7eb5-4e16-b274-0d59ca61f29e,,Zikoranachukwudimma,NG,ET,"NG,ET,CZ,ZA,ZW,BY,NE,TH,IL,IN",11.35980255,Africa,Africa,Western Africa,0.819428128,0.876878062
Butusov,unset,namsor_api_2.0.30,LATIN,3b1e47fe-f3cc-4930-b6ea-ac17cc91c741,,Butusov,RU,UA,"RU,UA,MD,UZ,KZ,AZ,BY,BG,KG,TJ",7.684340263,Europe,Europe,Eastern Europe,0.688343063,0.729483487
Ankudinova,unset,namsor_api_2.0.30,LATIN,cb4ac51c-985d-4909-b9bd-6a1727847087,,Ankudinova,RU,BG,"RU,BG,KZ,UZ,CZ,SK,AZ,GE,BY,LV",3.072728286,Europe,Europe,Eastern Europe,0.507729117,0.644024422
Yermolayeva,unset,namsor_api_2.0.30,LATIN,de355350-c5b0-4c8a-b5d2-7ccc42d59c83,,Yermolayeva,KZ,UA,"KZ,UA,BY,UZ,AZ,RU,TM,TJ,TG,IL",14.85656549,Asia,Asia,Central Asia,0.882275641,0.910103763
Bochsa,unset,namsor_api_2.0.30,LATIN,6ccb2c1c-d4d4-48f9-8629-7307cdabf89d,,Bochsa,CZ,PL,"CZ,PL,KZ,RU,RO,TH,BJ,UA,CH,DE",0,Europe,Europe,Eastern Europe,0.175494731,0.209280118
Clendinnen,unset,namsor_api_2.0.30,LATIN,fb51918f-92e8-434f-b092-dae8b2496328,,Clendinnen,IE,BE,"IE,BE,GB,NL,IL,DE,CH,FR,DK,NO",2.721613384,Europe,Europe,Northern Europe,0.50426869,0.623984857
Muomelu,unset,namsor_api_2.0.30,LATIN,e09efba1-c588-4701-afed-dd6be6e79b4b,,Muomelu,NG,KE,"NG,KE,CD,TZ,ZM,ET,NA,ZA,RO,FI",2.751505596,Africa,Africa,Western Africa,0.504607191,0.541207199
Trevisano,unset,namsor_api_2.0.30,LATIN,5f2a4643-9035-4abb-8cda-3b8d3208d036,,Trevisano,IT,ES,"IT,ES,FR,IL,ID,TH,EE,AL,ZW,PT",17.74853149,Europe,Europe,Southern Europe,0.920388713,0.933194847
Chukwumaobim,unset,namsor_api_2.0.30,LATIN,aa54c294-24ee-4ca7-a10e-cbda3e48348b,,Chukwumaobim,NG,TH,"NG,TH,HK,IN,BT,TD,MY,BN,MU,KR",20.45967776,Africa,Africa,Western Africa,0.940808483,0.963103809
Eluemuno,unset,namsor_api_2.0.30,LATIN,e619b706-e4f6-443b-a8db-c2a99bcb4121,,Eluemuno,NG,NA,"NG,NA,CD,KE,GA,CM,ES,JP,MZ,ID",6.746839132,Africa,Africa,Western Africa,0.664290449,0.767362159
Ngozichukwuka,unset,namsor_api_2.0.30,LATIN,973e87b6-9c23-40fc-9a3a-df94f4ab69b6,,Ngozichukwuka,NG,ZA,"NG,ZA,UG,CD,MW,ZW,ZM,TZ,NA,RW",20.53487865,Africa,Africa,Western Africa,0.941468726,0.949293174
Paten,unset,namsor_api_2.0.30,LATIN,fa81492c-2c25-4ace-8394-56dad46fe69e,,Paten,GB,IN,"GB,IN,NL,FI,BE,BD,NO,TH,MU,DE",0.596324984,Europe,Europe,Northern Europe,0.426257765,0.480045647
Pardey,unset,namsor_api_2.0.30,LATIN,1babdc07-a871-4bb3-bb79-b984fd541703,,Pardey,GB,IE,"GB,IE,FR,LR,HU,GH,IN,IL,BD,TG",5.689240626,Europe,Europe,Northern Europe,0.602046597,0.648126262
Carslaw,unset,namsor_api_2.0.30,LATIN,09a62fa3-d0f2-4022-8d3c-5a65431c0e83,,Carslaw,GB,IE,"GB,IE,IL,DK,HK,SE,PL,LR,BN,MY",8.781376294,Europe,Europe,Northern Europe,0.746992023,0.878469828
Obiuto,unset,namsor_api_2.0.30,LATIN,f0ed2cc1-1a07-4d99-aa70-f1a85602422a,,Obiuto,NG,KE,"NG,KE,IT,GA,JP,BW,CG,BJ,TG,ES",3.123436862,Africa,Africa,Western Africa,0.508144343,0.586500399
Boniwell,unset,namsor_api_2.0.30,LATIN,23b81dc0-f1de-443b-b063-cfb8508b8eb8,,Boniwell,GB,IE,"GB,IE,ZA,LR,IL,GH,SE,DE,FR,NG",6.109799318,Europe,Europe,Northern Europe,0.629131984,0.656208604
Udobata,unset,namsor_api_2.0.30,LATIN,ef408502-124b-4c26-ac64-fea378ac34ea,,Udobata,NG,JP,"NG,JP,UA,NA,CD,RO,TZ,HU,CG,TH",0.51781303,Africa,Africa,Western Africa,0.414454148,0.808255479
Yevdokimova,unset,namsor_api_2.0.30,LATIN,558a8590-bcb4-4dd8-9289-7cfde5544404,,Yevdokimova,UA,KZ,"UA,KZ,RU,UZ,BY,AZ,BG,TJ,TM,KG",3.192931931,Europe,Europe,Eastern Europe,0.508682958,0.514742321
McElyea,unset,namsor_api_2.0.30,LATIN,e787943f-0513-43a2-83a2-dca2a3df6f3a,,McElyea,IE,LR,"IE,LR,TZ,GB,ZA,GH,MW,FJ,KM,TM",4.202694338,Europe,Europe,Northern Europe,0.536030362,0.542501292
Trentino,unset,namsor_api_2.0.30,LATIN,5006c2a6-d7f3-4f82-a60a-583008fde0ea,,Trentino,IT,ES,"IT,ES,PT,FR,ID,NA,MZ,ML,TZ,IL",14.71530571,Europe,Europe,Southern Europe,0.877598612,0.909269149
Mansom,unset,namsor_api_2.0.30,LATIN,44ca4bf1-7c70-4395-a0e7-fb6b71300ca4,,Mansom,TH,CM,"TH,CM,GH,GB,KH,MY,SE,LA,EE,TD",7.841116049,Asia,Asia,South-Eastern Asia,0.690591313,0.779954014
Bidwill,unset,namsor_api_2.0.30,LATIN,2509b6e0-ba06-414b-9f64-a328d207a177,,Bidwill,GB,IE,"GB,IE,DE,BN,NG,IL,IN,AT,MY,CH",9.877043506,Europe,Europe,Northern Europe,0.771124601,0.847478857
Hysell,unset,namsor_api_2.0.30,LATIN,e3c8759a-b23e-4452-a794-dcfe4f7bf47c,,Hysell,GB,SE,"GB,SE,IL,IE,NO,CZ,XK,DE,FI,DK",2.782888895,Europe,Europe,Northern Europe,0.504953124,0.568646342
Badgery,unset,namsor_api_2.0.30,LATIN,61671e8d-a8ab-4a58-8d6c-de3b7a510cb8,,Badgery,GB,IE,"GB,IE,FR,SA,EG,IL,HU,AF,IN,GH",5.912883517,Europe,Europe,Northern Europe,0.612915582,0.829512711
Chizuoke,unset,namsor_api_2.0.30,LATIN,003b6f0e-e627-4e2c-aa9b-bf07176c82f6,,Chizuoke,NG,ZW,"NG,ZW,JP,MW,ZM,MZ,MY,BW,CD,KE",12.38834341,Africa,Africa,Western Africa,0.834831935,0.855639412
Brigstocke,unset,namsor_api_2.0.30,LATIN,320b3dd8-e58a-4c91-a20f-bfe0f32330ac,,Brigstocke,GB,IE,"GB,IE,DE,IL,BE,NO,DK,SE,CH,LT",7.181852905,Europe,Europe,Northern Europe,0.678231849,0.73043132
Onyemauchechi,unset,namsor_api_2.0.30,LATIN,06fc93d9-fecb-4f8c-9b04-6176de78bfde,,Onyemauchechi,NG,KE,"NG,KE,BJ,ZW,BW,DZ,CM,JP,TN,MD",20.39230504,Africa,Africa,Western Africa,0.940173295,0.979909
Chiawuotu,unset,namsor_api_2.0.30,LATIN,5d15ceae-b6fb-475b-9d49-49248f16e61c,,Chiawuotu,NG,TW,"NG,TW,KE,GH,RO,CN,LR,MD,TH,IT",12.78984123,Africa,Africa,Western Africa,0.849909308,0.913172171
Alexeyeva,unset,namsor_api_2.0.30,LATIN,8258a1d8-02cb-45c7-a479-e0af69cae75c,,Alexeyeva,KZ,RU,"KZ,RU,AZ,BY,UA,BG,UZ,KG,MD,RO",6.284706076,Asia,Asia,Central Asia,0.641098182,0.780983529
Tinline,unset,namsor_api_2.0.30,LATIN,5d355dad-0830-4199-aace-f42e63081a6e,,Tinline,GB,IE,"GB,IE,MM,CM,TD,FR,CI,NG,MZ,SN",0.780003158,Europe,Europe,Northern Europe,0.452792107,0.457179712
Egobudike,unset,namsor_api_2.0.30,LATIN,375236b0-ba2a-4824-b3df-39c4c4c07cd9,,Egobudike,NG,UG,"NG,UG,LK,CD,NA,TG,ZA,BW,LV,ZW",13.13471686,Africa,Africa,Western Africa,0.858810949,0.875743105
Duigan,unset,namsor_api_2.0.30,LATIN,a13bd82b-58d2-4ae3-a327-c84ecb116ae1,,Duigan,IE,GB,"IE,GB,RO,BJ,FR,TG,MD,LR,IL,KZ",22.42151704,Europe,Europe,Northern Europe,0.948641016,0.964489357
Barclay-Harvey,unset,namsor_api_2.0.30,LATIN,07092b77-5258-442d-a94d-e94d182baaff,,Barclay-Harvey,GB,IE,"GB,IE,LR,FR,HU,IL,BD,GH,IN,ES",6.059109412,Europe,Europe,Northern Europe,0.62525631,0.868464409
Menkens,unset,namsor_api_2.0.30,LATIN,767f7fb7-5606-484f-ad6a-9148d7cebe91,,Menkens,DE,NL,"DE,NL,LV,BE,GB,IL,IE,GH,CH,ZA",0,Europe,Europe,Western Europe,0.298764704,0.423003258
Elewechi,unset,namsor_api_2.0.30,LATIN,ef20b103-11b3-47e2-ac31-f152528174c1,,Elewechi,NG,TN,"NG,TN,MA,MR,DZ,BJ,KE,IL,TZ,NE",4.532948229,Africa,Africa,Western Africa,0.559849413,0.755080563
Dodgshun,unset,namsor_api_2.0.30,LATIN,a3c5d34d-28d3-41ec-8e80-51fb7bfcbe30,,Dodgshun,GB,CN,"GB,CN,MU,GH,IE,UA,KR,IN,MN,BY",1.100045031,Europe,Europe,Northern Europe,0.467012232,0.4689991
Brodney,unset,namsor_api_2.0.30,LATIN,4bc6d752-1dec-4ea7-9cae-973bf4a5000c,,Brodney,IE,GB,"IE,GB,IL,UA,DE,LR,CH,NO,ZA,HU",1.742133727,Europe,Europe,Northern Europe,0.486963827,0.781778546
Vinogradoff,unset,namsor_api_2.0.30,LATIN,66c40574-f908-4780-8a74-f919e3857a11,,Vinogradoff,IL,RU,"IL,RU,BY,FR,HU,UA,DE,UZ,IN,BG",5.415111944,Asia,Asia,Western Asia,0.595898294,0.815443502
Ifeajuna,unset,namsor_api_2.0.30,LATIN,b53c14be-e60d-4ce8-808f-d5c8a1c801d3,,Ifeajuna,NG,BN,"NG,BN,UG,TZ,ID,MD,RO,BD,GA,CD",23.83822519,Africa,Africa,Western Africa,0.960210685,0.961661315
Solomina,unset,namsor_api_2.0.30,LATIN,defd2a66-2612-4176-839f-8ae7efa5bde1,,Solomina,RU,UA,"RU,UA,MG,LV,MD,UZ,RO,ES,CY,BY",7.558091145,Europe,Europe,Eastern Europe,0.686258381,0.723864252
Chiabuotu,unset,namsor_api_2.0.30,LATIN,959ed898-d431-4851-a7ea-53faff8f4dbe,,Chiabuotu,NG,TW,"NG,TW,KE,IT,GH,MD,RO,ZM,TZ,MW",14.04173324,Africa,Africa,Western Africa,0.871699813,0.890030759
Bearce,unset,namsor_api_2.0.30,LATIN,77776466-3db2-41d5-af6c-759098104aec,,Bearce,GB,IE,"GB,IE,FR,ES,IL,LR,IT,RO,ZA,TD",4.972551672,Europe,Europe,Northern Europe,0.58167341,0.721242596
Ch'en,unset,namsor_api_2.0.30,LATIN,cf8c5a1c-feaf-4a01-b8b0-05f3d52e8a64,,Ch'en,TW,BT,"TW,BT,KH,MY,CN,TN,HK,VN,SR,MN",0.569388998,Asia,Asia,Eastern Asia,0.422236685,0.422236685
Nnonso,unset,namsor_api_2.0.30,LATIN,3f398d58-ab8a-4346-b4dd-68e3026b27a2,,Nnonso,NG,CM,"NG,CM,CD,ES,TZ,GH,PT,ZM,BW,GA",3.273607855,Africa,Africa,Western Africa,0.50926647,0.758756173
Kenniff,unset,namsor_api_2.0.30,LATIN,cda0d88a-b391-44f9-8e6e-d948e2f3c565,,Kenniff,LR,IE,"LR,IE,MY,GB,NG,DE,IL,DZ,CM,BN",0.272784905,Africa,Africa,Western Africa,0.376236172,0.55318558
Muravyov,unset,namsor_api_2.0.30,LATIN,6844c29a-c042-4631-8448-f64478582773,,Muravyov,RU,UZ,"RU,UZ,UA,AZ,BY,KZ,KG,TM,BG,TJ",1.185699504,Europe,Europe,Eastern Europe,0.470123683,0.504426529
Morres,unset,namsor_api_2.0.30,LATIN,36a1fc7f-2fd0-4e4a-88d2-bb84bb1a14fc,,Morres,ES,PT,"ES,PT,GB,FR,IL,IE,DE,BE,LR,HU",2.316310428,Europe,Europe,Southern Europe,0.498706394,0.647483201
Kinlaw,unset,namsor_api_2.0.30,LATIN,7b7913ae-90ab-471b-8a9b-e9f35cedd928,,Kinlaw,MM,GB,"MM,GB,HK,IE,ET,TH,ER,MY,GH,BT",0,Asia,Asia,South-Eastern Asia,0.291317547,0.395327383
Collingridge de Tourcey,unset,namsor_api_2.0.30,LATIN,e97637ca-697d-40f7-9e92-484fcd75c4c0,,Collingridge de Tourcey,IE,GB,"IE,GB,FR,ES,BE,ZA,GH,MU,PT,NL",0.724940299,Europe,Europe,Northern Europe,0.445008999,0.490474911
Garnsey,unset,namsor_api_2.0.30,LATIN,2c1d063b-d863-4dc1-b82b-5562dd952987,,Garnsey,GB,IE,"GB,IE,LR,IL,GH,FR,NO,TG,DE,CH",1.097974385,Europe,Europe,Northern Europe,0.466935317,0.819788583
Chijindum,unset,namsor_api_2.0.30,LATIN,31b69422-8954-4ce8-a901-a294742b499d,,Chijindum,TH,NG,"TH,NG,ZW,IN,MU,CM,TZ,MN,RO,ZM",2.080501155,Asia,Asia,South-Eastern Asia,0.494500584,0.650476556
Layh,unset,namsor_api_2.0.30,LATIN,8f02412e-6265-4c55-82af-817ccd725caf,,Layh,IL,LR,"IL,LR,KH,MA,LY,MY,TW,LA,MM,TG",2.272749767,Asia,Asia,Western Asia,0.497988302,0.497988302
Anenechi,unset,namsor_api_2.0.30,LATIN,e491d25c-9dc2-49e4-9961-310de314ce4f,,Anenechi,NG,TN,"NG,TN,DZ,IT,CI,MD,MA,JP,CH,RO",7.12066768,Africa,Africa,Western Africa,0.676617186,0.755061975
Ankudinov,unset,namsor_api_2.0.30,LATIN,651267d2-58d1-4207-ba90-ab7eb27a41dd,,Ankudinov,RU,BG,"RU,BG,UZ,KZ,TM,KG,MK,BY,TJ,AZ",0.689999849,Europe,Europe,Eastern Europe,0.439991761,0.49843275
P'an,unset,namsor_api_2.0.30,LATIN,8522606a-428d-427d-b323-03ed19f4069d,,P'an,BN,SR,"BN,SR,KH,VN,MM,ID,TG,CN,MY,LA",0.101591439,Asia,Asia,South-Eastern Asia,0.348705338,0.348705338
Lavrentiev,unset,namsor_api_2.0.30,LATIN,85babe89-6dd0-4e19-ab66-ab83edfbc359,,Lavrentiev,RU,UA,"RU,UA,BG,MD,BY,UZ,IL,GE,MK,RO",3.477345841,Europe,Europe,Eastern Europe,0.51055921,0.571953471
Nebeuwa,unset,namsor_api_2.0.30,LATIN,c1e7a5a7-27f9-4b74-b04b-6546b74ce972,,Nebeuwa,CM,NA,"CM,NA,NG,TD,MW,ZW,ZA,ZM,UG,CI",3.281627112,Africa,Africa,Middle Africa,0.509322127,0.51465502
O'Loghlin,unset,namsor_api_2.0.30,LATIN,ab124892-d241-4b4c-aaa0-2895292bb396,,O'Loghlin,IE,GB,"IE,GB,SE,QA,SI,BJ,CH,TG,KW,IL",28.25722265,Europe,Europe,Northern Europe,0.973886609,0.996215096
Schoenheimer,unset,namsor_api_2.0.30,LATIN,51798d1f-e5ff-46d4-8b14-2ba0fc4cdcb9,,Schoenheimer,DE,AT,"DE,AT,CH,NL,IL,DK,NO,SE,BE,HU",4.38316596,Europe,Europe,Western Europe,0.549990251,0.707284428
Peppin,unset,namsor_api_2.0.30,LATIN,8c3b73e2-733a-43e3-9a3a-6048f6cddfe5,,Peppin,GB,IE,"GB,IE,IL,FR,EE,IT,DE,CH,NL,KH",0.605176038,Europe,Europe,Northern Europe,0.427572308,0.623132347
Dumolo,unset,namsor_api_2.0.30,LATIN,ed437bae-98f8-4fc6-8c13-ff26010f8a10,,Dumolo,LR,BW,"LR,BW,ZA,NA,CD,TG,FR,IT,LS,NG",3.696154986,Africa,Africa,Western Africa,0.511697783,0.651760169
Wetherspoon,unset,namsor_api_2.0.30,LATIN,0efd200e-15ac-4b5a-8e8e-6d3093f53d29,,Wetherspoon,GB,IE,"GB,IE,NL,TH,LR,IL,BE,SE,DE,CH",13.32730263,Europe,Europe,Northern Europe,0.862597509,0.878306793
Woolacott,unset,namsor_api_2.0.30,LATIN,0f36b3eb-b125-497f-85ec-3fa79c10debe,,Woolacott,GB,IE,"GB,IE,LR,IL,SR,DE,CH,SE,DK,TH",10.99520314,Europe,Europe,Northern Europe,0.81228316,0.939165807
Sopuluchi,unset,namsor_api_2.0.30,LATIN,ea970b3c-434c-45b6-a6c6-4a63254833b0,,Sopuluchi,MD,NG,"MD,NG,JP,NE,IT,RO,ID,TH,LK,IN",0,Europe,Europe,Eastern Europe,0.270683796,0.395829894
Kesteven,unset,namsor_api_2.0.30,LATIN,06c6208b-5374-46b4-a6ec-ad1b399867ae,,Kesteven,NL,BE,"NL,BE,GB,TR,IL,FI,IE,DE,NO,SI",1.66914125,Europe,Europe,Western Europe,0.485082077,0.588441415
Mault,unset,namsor_api_2.0.30,LATIN,35511e8a-5065-4fdb-a579-af51b00a2aaf,,Mault,FR,GB,"FR,GB,IE,IL,DE,SE,NO,TZ,CG,ZA",9.06814357,Europe,Europe,Western Europe,0.756029644,0.822494241
Tretiakov,unset,namsor_api_2.0.30,LATIN,5d0043ef-4042-417b-b738-00bc14f1f236,,Tretiakov,RU,UA,"RU,UA,BG,BY,KZ,UZ,IL,KG,RS,RS",9.168866313,Europe,Europe,Eastern Europe,0.758637163,0.852358014
O'Kane,unset,namsor_api_2.0.30,LATIN,53bac07c-4a8c-457f-8842-6fcb86dda699,,O'Kane,IE,GB,"IE,GB,BW,ZA,LS,SN,CI,NE,LV,MA",20.91101568,Europe,Europe,Northern Europe,0.944118895,0.950432117
Rapuokwu,unset,namsor_api_2.0.30,LATIN,cab4f473-092d-43c0-a3e2-a93b71b6aa44,,Rapuokwu,NG,BW,"NG,BW,LS,ZA,GH,FJ,ZW,TZ,BN,EE",12.07171959,Africa,Africa,Western Africa,0.82769966,0.914341732
Seleznyov,unset,namsor_api_2.0.30,LATIN,67c141d8-9739-4f8b-a0d9-ebbd0c31d749,,Seleznyov,UA,RU,"UA,RU,BY,BG,UZ,SK,IL,CZ,KZ,MD",2.223104646,Europe,Europe,Eastern Europe,0.497138301,0.823231045
Ikedinachukwu,unset,namsor_api_2.0.30,LATIN,fc95ebe3-ab15-4793-8441-cbe55af748e7,,Ikedinachukwu,NG,NA,"NG,NA,CD,BW,TZ,CM,KE,JP,GH,ID",51.29476561,Africa,Africa,Western Africa,0.995102761,0.996215096
Olisanugo,unset,namsor_api_2.0.30,LATIN,8a8070ff-339b-4b40-9510-74ff4831919e,,Olisanugo,NG,UG,"NG,UG,KE,RW,ID,ZA,IT,NA,PT,ES",16.73825848,Africa,Africa,Western Africa,0.908405812,0.913589436
Chiganu,unset,namsor_api_2.0.30,LATIN,7158c2c0-bc14-4f8d-b619-2b347dfb4699,,Chiganu,ZW,RO,"ZW,RO,MD,NG,KE,MW,ZM,IN,CD,TZ",3.82487205,Africa,Africa,Eastern Africa,0.512264985,0.601744834
Yobachi,unset,namsor_api_2.0.30,LATIN,642c4bc7-e4d9-4f30-9e53-6cb0b3886e50,,Yobachi,JP,NE,"JP,NE,CI,DZ,MA,TN,NG,LB,LK,IR",2.890069724,Asia,Asia,Eastern Asia,0.506064591,0.507868482
Ch'iu,unset,namsor_api_2.0.30,LATIN,ab18c00d-5a85-4814-9182-ef489d8423de,,Ch'iu,TW,HK,"TW,HK,RO,CN,FJ,MW,ZM,BT,LS,MD",3.655363363,Asia,Asia,Eastern Asia,0.511503022,0.517435204
Macvitie,unset,namsor_api_2.0.30,LATIN,439ab8bc-69f1-4944-8444-e0dc7e8537d2,,Macvitie,GB,PS,"GB,PS,BW,KE,ET,MZ,ZW,CG,LT,SR",5.459248544,Europe,Europe,Northern Europe,0.59700451,0.633944553
Brenan,unset,namsor_api_2.0.30,LATIN,2bfa25e4-3b8a-4ea7-a3f0-619bf10ed5d2,,Brenan,IE,GB,"IE,GB,CI,IL,FR,GH,NO,NL,RO,SK",8.290921742,Europe,Europe,Northern Europe,0.72404676,0.790769718
Udinesi,unset,namsor_api_2.0.30,LATIN,0f8627d3-0681-4da3-acde-22b75511c263,,Udinesi,IT,NG,"IT,NG,HU,RO,ID,RW,IL,TZ,BN,IR",6.530441553,Europe,Europe,Southern Europe,0.654748585,0.659139834
Chukwualuka,unset,namsor_api_2.0.30,LATIN,1796081d-1140-4f38-a8b2-06759f4b8b1a,,Chukwualuka,NG,ZM,"NG,ZM,MW,CD,TH,UA,TZ,NA,BY,KE",15.80537875,Africa,Africa,Western Africa,0.901165773,0.909867122
Mamelu,unset,namsor_api_2.0.30,LATIN,f3ec3976-db24-4f8e-a244-a9dc70cfa1e4,,Mamelu,ZA,ET,"ZA,ET,CD,TZ,LS,RO,NG,ZM,BW,KE",0.216888529,Africa,Africa,Southern Africa,0.367297901,0.508826749
Anenechukwu,unset,namsor_api_2.0.30,LATIN,60f4bf9c-4b53-45e4-9d95-ec9d635ea90d,,Anenechukwu,NG,UG,"NG,UG,ZA,GH,CM,NA,SN,TG,ZW,KE",43.66332554,Africa,Africa,Western Africa,0.995102761,0.996215096
Ugonnatubelum,unset,namsor_api_2.0.30,LATIN,9ccab52c-7158-44df-870a-48e68c638188,,Ugonnatubelum,NG,TZ,"NG,TZ,BD,IN,LK,NO,ID,UG,MU,DK",16.06853025,Africa,Africa,Western Africa,0.903927417,0.911978139
Micklem,unset,namsor_api_2.0.30,LATIN,10331266-18da-4f1c-b61e-1e5a94abc3b8,,Micklem,GB,IL,"GB,IL,NO,DE,EG,IE,PS,SE,ET,TD",2.728124593,Europe,Europe,Northern Europe,0.504343182,0.621405593
Kegley,unset,namsor_api_2.0.30,LATIN,ac03ac54-1004-4045-bd01-b13913049f64,,Kegley,IE,GB,"IE,GB,TG,LR,HU,IL,GH,GM,DE,SL",3.998524141,Europe,Europe,Northern Europe,0.516991142,0.657249775
Otutodilichukwu,unset,namsor_api_2.0.30,LATIN,e6831360-dd45-4663-aa22-b4c880e263a7,,Otutodilichukwu,NG,GH,"NG,GH,BW,KE,CD,UG,ZA,BY,KG,TZ",33.83368994,Africa,Africa,Western Africa,0.988872131,0.991372411
Golubova,unset,namsor_api_2.0.30,LATIN,d9c50cca-fb40-4f09-b861-865edd2d5d4a,,Golubova,RU,UA,"RU,UA,SK,CZ,MD,GE,BG,BY,AZ,LV",7.053570344,Europe,Europe,Eastern Europe,0.674729346,0.740109845
Chidumaga,unset,namsor_api_2.0.30,LATIN,23e75475-eb1a-4d8b-8bae-add6866fba4e,,Chidumaga,ZW,TZ,"ZW,TZ,MW,LK,MD,NG,JP,RO,MZ,BW",3.746836807,Africa,Africa,Eastern Africa,0.511929465,0.61239381
Buttenshaw,unset,namsor_api_2.0.30,LATIN,d37221aa-61e1-4699-92bc-1a700ec473f0,,Buttenshaw,GB,IE,"GB,IE,ET,IL,TH,GH,DE,IN,ER,CH",11.15923666,Europe,Europe,Northern Europe,0.815821113,0.929388536
Beatham,unset,namsor_api_2.0.30,LATIN,b91b3ef6-f296-4cfb-9d63-3006cfd9ac22,,Beatham,GB,IE,"GB,IE,TH,IL,KH,IN,VN,TZ,LA,LK",8.688983001,Europe,Europe,Northern Europe,0.74348335,0.876312904
Chukwuhaenye,unset,namsor_api_2.0.30,LATIN,4174e84a-f089-44e0-a874-22bba3966a3b,,Chukwuhaenye,NG,ZW,"NG,ZW,MW,TH,BW,NA,KE,TZ,ZM,LS",16.30899925,Africa,Africa,Western Africa,0.905888314,0.925400706
Teakle,unset,namsor_api_2.0.30,LATIN,9797500a-8fba-4a95-acf7-e5cf01c72773,,Teakle,ET,GB,"ET,GB,LR,IE,CI,BJ,ER,GH,TG,IL",1.980306721,Africa,Africa,Eastern Africa,0.492463672,0.492463672
Tobeolisa,unset,namsor_api_2.0.30,LATIN,0a3fe637-1fe1-408d-b9e9-a3fcae3bd234,,Tobeolisa,LS,NG,"LS,NG,ID,ZA,BW,MG,RO,IT,ZW,EE",2.461658385,Africa,Africa,Southern Africa,0.500923882,0.652495981
Von Doussa,unset,namsor_api_2.0.30,LATIN,8df7a9ce-5a92-4880-b813-0a2b9d7ce39c,,Von Doussa,BJ,NE,"BJ,NE,TG,PS,CG,MR,CM,GA,CH,FR",15.22930594,Africa,Africa,Western Africa,0.891867318,0.904266062
Zikoranachidimma,unset,namsor_api_2.0.30,LATIN,7caed16d-bc5d-42ff-b918-ef68aef8d363,,Zikoranachidimma,NE,MA,"NE,MA,ET,GR,ZW,DZ,NG,CZ,TD,TH",2.433675206,Africa,Africa,Western Africa,0.500517593,0.510733059
Goloubev,unset,namsor_api_2.0.30,LATIN,70af4ffc-e31d-4757-aacd-2f22d3b5c606,,Goloubev,RU,BG,"RU,BG,UA,BY,MD,IL,UZ,MK,SI,CZ",0.462211066,Europe,Europe,Eastern Europe,0.40594976,0.609551335
Ugochukwutubelum,unset,namsor_api_2.0.30,LATIN,cb54f3f2-097a-4a94-a2ec-bb7edfe09df5,,Ugochukwutubelum,NG,MU,"NG,MU,TZ,TH,NO,IN,DK,HU,DE,UA",37.97593837,Africa,Africa,Western Africa,0.995102761,0.996215096
Uspenskaya,unset,namsor_api_2.0.30,LATIN,1cbbc5d4-cb4c-41ca-987a-c84fe1ef66c8,,Uspenskaya,RU,BY,"RU,BY,UA,KZ,UZ,TR,AZ,IL,ID,CD",10.16241584,Europe,Europe,Eastern Europe,0.781888923,0.809427479
Walkom,unset,namsor_api_2.0.30,LATIN,f79b6c33-ba08-450d-869b-25855a320d4e,,Walkom,GB,SE,"GB,SE,IL,NL,LR,TH,IE,TD,DE,PL",2.1812898,Europe,Europe,Northern Europe,0.496395533,0.496395533
Mirams,unset,namsor_api_2.0.30,LATIN,d8c1ca9f-272a-4892-b7cf-72c92471bf36,,Mirams,LV,GB,"LV,GB,IR,PK,ZA,GH,AF,BN,NG,NA",0.706659043,Europe,Europe,Northern Europe,0.442391346,0.465048228
Echezonachukwu,unset,namsor_api_2.0.30,LATIN,77ef8d47-f368-4ed4-8475-529ae3ac67b2,,Echezonachukwu,NG,CM,"NG,CM,GH,ZW,NA,ZA,BY,BJ,MW,CD",48.4131861,Africa,Africa,Western Africa,0.995102761,0.996215096
Shoobridge,unset,namsor_api_2.0.30,LATIN,51ff16ed-050d-40c1-a71e-a0479f3184e1,,Shoobridge,GB,IE,"GB,IE,NA,ZA,IL,IN,NG,IR,EG,TZ",4.935387574,Europe,Europe,Northern Europe,0.580171393,0.898114171
Evseyev,unset,namsor_api_2.0.30,LATIN,3210ff2d-9eb5-4358-bf27-fea0ed5a7e95,,Evseyev,RU,AZ,"RU,AZ,KZ,UZ,TM,UA,BY,KG,TJ,BG",5.706175445,Europe,Europe,Eastern Europe,0.602374322,0.660526246
Humffray,unset,namsor_api_2.0.30,LATIN,efb91cf1-656e-4230-929e-5f723ddb281c,,Humffray,GB,KH,"GB,KH,IE,FR,ET,TZ,HU,IQ,BN,ER",6.348285665,Europe,Europe,Northern Europe,0.644956559,0.654612825
Coupp,unset,namsor_api_2.0.30,LATIN,6e596aa9-3434-40ad-8d45-f56b37da4c60,,Coupp,GB,FR,"GB,FR,SN,IL,ML,GN,CH,PT,DE,CZ",0.935784052,Europe,Europe,Northern Europe,0.460667217,0.504374488
Sergeyev,unset,namsor_api_2.0.30,LATIN,aa195fa2-2526-4448-9ac3-73fe67e97b52,,Sergeyev,KZ,RU,"KZ,RU,UA,UZ,BY,AZ,TM,IL,KG,BG",6.778587485,Asia,Asia,Central Asia,0.665525054,0.76727747
O'Loughlin,unset,namsor_api_2.0.30,LATIN,f83360cb-416e-43ed-8f35-9e244209a981,,O'Loughlin,IE,GB,"IE,GB,QA,MA,SE,JO,KW,SY,BJ,FR",26.17346149,Europe,Europe,Northern Europe,0.968376807,0.991372411
Edments,unset,namsor_api_2.0.30,LATIN,b1d7319c-2ae2-4c29-b856-491572c77f4c,,Edments,GB,EE,"GB,EE,LV,NL,IL,BE,ES,IE,DE,HU",1.194490817,Europe,Europe,Northern Europe,0.470435222,0.509608371
Sandover,unset,namsor_api_2.0.30,LATIN,b1e3053d-3c45-4101-aa5c-b2d7dc62ab8d,,Sandover,GB,HU,"GB,HU,IL,ES,EE,NL,DE,ZA,TR,AT",1.24646904,Europe,Europe,Northern Europe,0.472247255,0.50366583
Andrejew,unset,namsor_api_2.0.30,LATIN,29888017-660c-45ae-bdf2-8b63bcfb40a6,,Andrejew,PL,IL,"PL,IL,ET,DK,ID,BN,NA,RO,ER,DE",5.02982853,Europe,Europe,Eastern Europe,0.583883126,0.651572169
Cayley,unset,namsor_api_2.0.30,LATIN,5e917131-e0fa-4e11-94cf-4e075d6bb747,,Cayley,GB,IE,"GB,IE,LR,IL,TR,FR,GM,SL,BT,KH",5.777115904,Europe,Europe,Northern Europe,0.603688792,0.861826629
McClemans,unset,namsor_api_2.0.30,LATIN,029972fb-96d2-4950-a09b-404706ef134f,,McClemans,GB,IE,"GB,IE,BE,LV,ZA,NL,GH,IL,NA,LR",1.118877665,Europe,Europe,Northern Europe,0.467708122,0.580936709
Ah Mouy,unset,namsor_api_2.0.30,LATIN,bb5eb116-85d6-4973-a85a-010a4c8e48ba,,Ah Mouy,MA,MR,"MA,MR,IQ,JO,NE,SA,EG,BN,ML,BD",1.627174044,Africa,Africa,Northern Africa,0.483956753,0.727333306
Trumbull,unset,namsor_api_2.0.30,LATIN,3654fe73-a037-48e9-8fca-8843c6b22c57,,Trumbull,GB,EE,"GB,EE,IE,DE,ZA,AT,NA,SE,LR,CH",8.938777128,Europe,Europe,Northern Europe,0.752271335,0.823137594
Buley,unset,namsor_api_2.0.30,LATIN,647ef508-e4d8-4c57-b0d6-7cdb38ccac84,,Buley,IE,GB,"IE,GB,LR,GH,SL,ZA,FR,IL,TR,UA",0.053781766,Europe,Europe,Northern Europe,0.340956632,0.669301508
Perrodin,unset,namsor_api_2.0.30,LATIN,74ecdc6d-b133-4abc-91b0-0807efc3f4c1,,Perrodin,FR,SE,"FR,SE,IL,MU,ID,GB,IT,ES,RU,CH",6.757351424,Europe,Europe,Western Europe,0.664703581,0.756249106
Zhirov,unset,namsor_api_2.0.30,LATIN,f32e91e5-733a-4c10-97d6-70d5c184372b,,Zhirov,KZ,RU,"KZ,RU,BG,UZ,UA,KG,AZ,TJ,BY,TM",0.017379805,Asia,Asia,Central Asia,0.335049665,0.503409917
O'Meara,unset,namsor_api_2.0.30,LATIN,e74589d9-f0b2-4b59-9dcc-bc9b9419e2a0,,O'Meara,IE,GB,"IE,GB,SL,NG,SY,GN,RO,QA,JP,PT",26.8439555,Europe,Europe,Northern Europe,0.971451633,0.979277582
K'ung,unset,namsor_api_2.0.30,LATIN,103ea05d-7947-42be-bafb-a1bbea386be5,,K'ung,MM,HK,"MM,HK,TW,LA,VN,TH,CM,CN,BW,GA",0.000511827,Asia,Asia,South-Eastern Asia,0.332311618,0.409682016
Krichauff,unset,namsor_api_2.0.30,LATIN,49609c9d-94fa-491e-a6c1-554e6efd9ff2,,Krichauff,DE,CH,"DE,CH,DK,IL,AT,CZ,NO,NL,HU,FR",8.431378596,Europe,Europe,Western Europe,0.731802497,0.765253796
Du Cane,unset,namsor_api_2.0.30,LATIN,e11a0305-4608-4446-a3b5-7bd016658dc2,,Du Cane,ZA,BE,"ZA,BE,IE,FR,ES,GH,RO,IT,CN,SN",1.136624688,Africa,Africa,Southern Africa,0.468357839,0.468357839
Osonduagwuike,unset,namsor_api_2.0.30,LATIN,f318dd2b-269c-4e93-84c1-884a3df7ba4a,,Osonduagwuike,NG,KE,"NG,KE,CD,GA,GH,LV,JP,CG,UG,TG",21.00135684,Africa,Africa,Western Africa,0.944620205,0.967981556
Peyser,unset,namsor_api_2.0.30,LATIN,bed4c612-fa18-4132-8af0-ac99ab57ebee,,Peyser,CH,AT,"CH,AT,DE,BE,IL,FR,ZA,GB,NA,CZ",3.283131218,Europe,Europe,Western Europe,0.50933252,0.50933252
Edmund la Touche,unset,namsor_api_2.0.30,LATIN,4fb15bef-9372-4ccc-8ff0-ab34256c9e31,,Edmund la Touche,SE,PS,"SE,PS,FR,IE,MR,GB,DK,IL,NG,NO",2.085055863,Europe,Europe,Northern Europe,0.49458949,0.49458949
Dynon,unset,namsor_api_2.0.30,LATIN,b1cecc60-1c37-4cf0-b783-4ad0d1c65e52,,Dynon,IE,GB,"IE,GB,IL,KH,CI,BJ,PL,FR,LR,SE",4.647850294,Europe,Europe,Northern Europe,0.566491617,0.857696845
Krischock,unset,namsor_api_2.0.30,LATIN,22119942-7d61-461d-b12d-1b61c549c25c,,Krischock,DE,AT,"DE,AT,IL,DK,HU,CZ,CH,SK,UA,NL",4.180627201,Europe,Europe,Western Europe,0.534149232,0.697160207
Artyomova,unset,namsor_api_2.0.30,LATIN,a57cb16d-f738-4a05-8e6f-25947fc0436c,,Artyomova,RU,UZ,"RU,UZ,KZ,UA,TM,BG,BY,SK,KG,AZ",3.425283828,Europe,Europe,Eastern Europe,0.510251913,0.514081673
Secombe,unset,namsor_api_2.0.30,LATIN,663400c8-492a-473a-b602-b32452d863d3,,Secombe,MZ,NA,"MZ,NA,GB,SN,FR,ZA,TZ,CI,ZW,BW",0,Africa,Africa,Eastern Africa,0.267216241,0.346420213
Neitenstein,unset,namsor_api_2.0.30,LATIN,2aeda37a-ab79-42ac-8dc2-63dbf2ecf8b9,,Neitenstein,DE,IL,"DE,IL,CH,NL,AT,NO,DK,SE,EE,GB",1.944646409,Europe,Europe,Western Europe,0.49170037,0.657598125
Chieloka,unset,namsor_api_2.0.30,LATIN,7bdf90c9-514c-45a5-996d-d64e265c94c3,,Chieloka,NG,KE,"NG,KE,BW,ZW,LS,MW,CD,ZM,PL,TH",3.137021961,Africa,Africa,Western Africa,0.508252353,0.508252353
Ardis,unset,namsor_api_2.0.30,LATIN,340706bd-b86d-4bf9-95a2-9621fbcc246f,,Ardis,"ID",GR,"ID,GR,BN,TR,LV,CY,LT,IT,FR,IE",1.34485951,Asia,Asia,South-Eastern Asia,0.475536528,0.585192413
Udokamma,unset,namsor_api_2.0.30,LATIN,e1891b78-1a44-4481-860c-c1120ae34cbe,,Udokamma,NG,JP,"NG,JP,TH,ID,BD,EE,TZ,IN,BN,NE",14.72095996,Africa,Africa,Western Africa,0.877798789,0.899249365
Iweobiegbulam,unset,namsor_api_2.0.30,LATIN,89266090-6ab4-4152-8072-8f99918e7a0a,,Iweobiegbulam,NG,BN,"NG,BN,MN,PK,TD,TG,IN,BD,QA,MU",19.45009115,Africa,Africa,Western Africa,0.930824373,0.948856711
Caffyn,unset,namsor_api_2.0.30,LATIN,a56151fc-9493-40a3-a8ba-b27ad00b1fe0,,Caffyn,IE,GB,"IE,GB,BE,FR,IL,SL,IT,GM,LR,CH",3.080087312,Europe,Europe,Northern Europe,0.507790575,0.764095312
Glauert,unset,namsor_api_2.0.30,LATIN,4851bf26-acf9-41c0-9620-d980cebba036,,Glauert,DE,CH,"DE,CH,AT,FR,IL,DK,BE,NL,HU,GB",2.914928351,Europe,Europe,Western Europe,0.506307548,0.785836925
Aleshire,unset,namsor_api_2.0.30,LATIN,4ae8857f-6e04-42d2-b78f-9422f3d6d80e,,Aleshire,RW,ET,"RW,ET,NG,SA,CD,ZW,TG,GH,TZ,ER",6.202348664,Africa,Africa,Eastern Africa,0.635722794,0.677763539
Verco,unset,namsor_api_2.0.30,LATIN,aef3122c-11b6-475d-aa41-7fc63d5f32d9,,Verco,IT,MD,"IT,MD,ES,BE,SK,FR,PT,IL,AL,SI",1.024221491,Europe,Europe,Southern Europe,0.464144117,0.502686336
Olejuru,unset,namsor_api_2.0.30,LATIN,5ae0f051-e30f-49f8-bbde-1d471c7d8c94,,Olejuru,NG,KE,"NG,KE,RO,UG,EE,BW,MD,TZ,RW,ES",9.528294561,Africa,Africa,Western Africa,0.766066702,0.862531944
Sholes,unset,namsor_api_2.0.30,LATIN,7131ce7f-b5f4-472d-8b90-af59fef92047,,Sholes,NA,GB,"NA,GB,IE,IL,EG,ZA,KZ,NG,TZ,ID",0.672113903,Africa,Africa,Southern Africa,0.43740067,0.502553357
Namatjira,unset,namsor_api_2.0.30,LATIN,557e7a2a-559e-425c-9046-3087101df7c0,,Namatjira,NA,UG,"NA,UG,MW,KE,ML,TH,JP,TD,NE,LK",9.549441668,Africa,Africa,Southern Africa,0.766426159,0.824495115
Morphett,unset,namsor_api_2.0.30,LATIN,182be128-61c4-4635-a6ad-ea423859d20d,,Morphett,GB,IE,"GB,IE,KH,IL,MM,TH,FR,ZA,KE,NO",3.315373325,Europe,Europe,Northern Europe,0.509551853,0.934456517
Poninski,unset,namsor_api_2.0.30,LATIN,67e6e1c3-1819-4fa8-bb55-44fd8dfda211,,Poninski,PL,IL,"PL,IL,DE,BY,MK,HR,UA,FI,SI,RS",16.84427295,Europe,Europe,Eastern Europe,0.908878152,0.933863383
Hayslett,unset,namsor_api_2.0.30,LATIN,1111fcde-09b5-4e77-ae8d-6a32f28ebeee,,Hayslett,GB,IE,"GB,IE,IL,NO,CH,DE,DK,FR,MR,AT",8.870190228,Europe,Europe,Northern Europe,0.750072623,0.849522174
Kwemto,unset,namsor_api_2.0.30,LATIN,90b95ffe-4fa0-4fb9-a51f-cf1804243cae,,Kwemto,CM,TZ,"CM,TZ,KE,LR,UG,CD,ZW,MW,NA,GH",7.374728546,Africa,Africa,Middle Africa,0.682721659,0.739631992
Rapuluolisa,unset,namsor_api_2.0.30,LATIN,c712f332-01bb-4cb9-a3f6-862439835299,,Rapuluolisa,LS,BW,"LS,BW,IT,ID,MG,ZA,LT,TZ,FI,LV",9.585913462,Africa,Africa,Southern Africa,0.767028523,0.821044905
Nnamutaezinwa,unset,namsor_api_2.0.30,LATIN,2b4a1753-1378-4bd9-84aa-a12c0cdadc90,,Nnamutaezinwa,NG,UG,"NG,UG,RW,NA,BI,BW,CM,ZW,CD,ZA",18.30942034,Africa,Africa,Western Africa,0.925868173,0.935943083
Bogolyubov,unset,namsor_api_2.0.30,LATIN,348242c6-962c-44b3-8348-0034c1708a9a,,Bogolyubov,RU,UA,"RU,UA,BG,UZ,BY,KZ,AZ,MD,IL,TJ",6.099829871,Europe,Europe,Eastern Europe,0.628385105,0.725854628
Beede,unset,namsor_api_2.0.30,LATIN,a6e66585-54f4-4418-adad-97a1de03f4ca,,Beede,BE,NL,"BE,NL,DE,IL,ZA,MU,GB,SR,DK,IE",0,Europe,Europe,Western Europe,0.321000677,0.498920464
Stonebraker,unset,namsor_api_2.0.30,LATIN,cd83459f-4045-45ae-9816-f0e7fd7a6619,,Stonebraker,GB,NL,"GB,NL,IL,DE,IE,AT,CH,SE,EG,CZ",6.698438352,Europe,Europe,Northern Europe,0.662331395,0.705110562
Okwuadigbo,unset,namsor_api_2.0.30,LATIN,d9495dcc-f3b6-4e2f-8fde-4ba08eb743af,,Okwuadigbo,NG,CI,"NG,CI,BJ,TG,GH,CF,TD,GA,LR,CG",27.90414554,Africa,Africa,Western Africa,0.973554973,0.978011459
Artemiev,unset,namsor_api_2.0.30,LATIN,e534d579-6efb-4370-9cdd-1f58bba76ab0,,Artemiev,RU,KZ,"RU,KZ,UZ,UA,BG,KG,MD,TM,TJ,AZ",0.322025218,Europe,Europe,Eastern Europe,0.384054633,0.469953228
Madukaego,unset,namsor_api_2.0.30,LATIN,ddedafa7-d6e8-4be0-ac67-22b8c767ee70,,Madukaego,BW,NG,"BW,NG,ZW,TZ,CD,ZA,KE,NA,CG,LK",8.460640296,Africa,Africa,Southern Africa,0.733285703,0.764000339
Wheare,unset,namsor_api_2.0.30,LATIN,091c2f1e-4991-46fd-a73c-d66ea477be55,,Wheare,LR,GB,"LR,GB,IE,ET,NG,GH,IL,ZW,ER,BW",0,Africa,Africa,Western Africa,0.274431558,0.398083472
Onodugoadiegbemma,unset,namsor_api_2.0.30,LATIN,eac39e92-81a3-489b-9a9b-2a612438cef2,,Onodugoadiegbemma,NG,BF,"NG,BF,TD,GA,CM,TG,GH,CG,CI,BW",18.56539372,Africa,Africa,Western Africa,0.927513239,0.949366747
Pokrovsky,unset,namsor_api_2.0.30,LATIN,2ad73c68-915a-4230-8e47-7cccb78beb8b,,Pokrovsky,UA,CZ,"UA,CZ,SK,RU,BY,IL,BG,UZ,HU,LV",1.654195507,Europe,Europe,Eastern Europe,0.484684982,0.502340538
Yevseyev,unset,namsor_api_2.0.30,LATIN,250d7e9f-6872-4a74-84d6-00905b82591d,,Yevseyev,KZ,AZ,"KZ,AZ,UA,TM,RU,UZ,BY,TJ,KG,IL",0.970060961,Asia,Asia,Central Asia,0.462031356,0.50880769
Ibeamaka,unset,namsor_api_2.0.30,LATIN,6a484a94-4889-4fd5-9f97-45b4611326db,,Ibeamaka,NG,CG,"NG,CG,NE,TD,JP,XK,TG,CD,GA,GH",8.108845215,Africa,Africa,Western Africa,0.71222783,0.822874363
Sawtell,unset,namsor_api_2.0.30,LATIN,f5091da7-556e-4219-9797-f2a947e9163d,,Sawtell,GB,IE,"GB,IE,IL,SE,LR,MU,MR,DE,PS,EE",7.523684101,Europe,Europe,Northern Europe,0.685643143,0.802067413
Le Hunte,unset,namsor_api_2.0.30,LATIN,c558378f-5bb2-4f82-afd1-fff9b8a95a58,,Le Hunte,ET,BE,"ET,BE,VN,FR,NL,TW,HK,ES,MR,IE",2.0663881,Africa,Africa,Eastern Africa,0.494223095,0.499983444
Kenenna,unset,namsor_api_2.0.30,LATIN,8e54263c-d746-42a9-bb95-0ca23fe4fb22,,Kenenna,NG,BW,"NG,BW,IE,CM,KE,ET,LR,ML,DZ,NA",0.236999554,Africa,Africa,Western Africa,0.370520749,0.624566774
Langler,unset,namsor_api_2.0.30,LATIN,570c9a8d-510b-430f-85ec-99daf0813d1a,,Langler,AT,DE,"AT,DE,CH,GB,IE,FR,IL,NO,DK,HU",3.095593426,Europe,Europe,Western Europe,0.507918731,0.509934835
Belstead,unset,namsor_api_2.0.30,LATIN,77c3a160-586b-424a-871c-9a5f48bd4245,,Belstead,GB,IE,"GB,IE,NO,IL,SE,DK,DE,NL,SR,FR",11.63071323,Europe,Europe,Northern Europe,0.82328237,0.833938364
Yermolayev,unset,namsor_api_2.0.30,LATIN,ccfb0c6a-a8e3-4455-b0f3-857b014c6141,,Yermolayev,KZ,UA,"KZ,UA,UZ,BY,AZ,TM,RU,IL,TJ,KG",12.16177111,Asia,Asia,Central Asia,0.828385968,0.877727181
Lavarack,unset,namsor_api_2.0.30,LATIN,a02cd782-b481-40aa-b589-aeb127fada3f,,Lavarack,IL,IE,"IL,IE,GB,LA,FR,SE,HU,DE,TZ,CH",1.704685339,Asia,Asia,Western Asia,0.486010288,0.512858295
Somayina,unset,namsor_api_2.0.30,LATIN,e1a8447e-2095-4612-86b2-041bfe7a7a6f,,Somayina,ZA,TG,"ZA,TG,IN,ID,BJ,BF,NG,CD,CG,TH",0,Africa,Africa,Southern Africa,0.282499829,0.400496739
Wentcher,unset,namsor_api_2.0.30,LATIN,d26ae973-272a-4eb8-9d4f-0194c2c718fd,,Wentcher,DE,AT,"DE,AT,IL,CH,GB,NL,FR,ET,DK,ZA",2.678453038,Europe,Europe,Western Europe,0.503764032,0.504053021
Hopetoun,unset,namsor_api_2.0.30,LATIN,e45fea3d-7f7b-472f-bb8c-cb666690be24,,Hopetoun,BJ,GB,"BJ,GB,TG,NG,TD,SY,LB,CZ,TN,EG",4.793069212,Africa,Africa,Western Africa,0.573882984,0.613832657
Nepean,unset,namsor_api_2.0.30,LATIN,c5fdd34b-539b-4737-880e-fb35b2c5e9e0,,Nepean,RO,LR,"RO,LR,NA,IE,GB,KH,ZA,MD,CI,FR",1.347689493,Europe,Europe,Eastern Europe,0.475628407,0.479745392
D'Albertis,unset,namsor_api_2.0.30,LATIN,9efbde7f-0725-486b-9014-aca6cd560dd4,,D'Albertis,IT,FR,"IT,FR,PT,LV,GB,IE,BE,LT,ES,CH",12.11908971,Europe,Europe,Southern Europe,0.828068378,0.903968474
Seppelt,unset,namsor_api_2.0.30,LATIN,0fc6cd46-a59b-45ab-8c1f-3629b439dc08,,Seppelt,EE,DE,"EE,DE,FI,CH,NL,AT,IL,BE,SE,NO",1.384366147,Europe,Europe,Northern Europe,0.476805354,0.557128826
Nwagugheuzo,unset,namsor_api_2.0.30,LATIN,75f8873a-7380-41a6-bd1a-cb1b37526017,,Nwagugheuzo,NG,CM,"NG,CM,GA,ZA,CF,UG,CD,TZ,MW,BY",12.39998637,Africa,Africa,Western Africa,0.835359712,0.877026819
Moysey,unset,namsor_api_2.0.30,LATIN,dcde6946-14c8-4042-a425-133eafe9f74b,,Moysey,UA,GB,"UA,GB,IE,IL,ZA,PS,FR,KH,BE,BY",3.337087918,Europe,Europe,Eastern Europe,0.509695908,0.615375076
Lacross,unset,namsor_api_2.0.30,LATIN,664e0500-7395-42d5-a93d-ec491506caa7,,Lacross,GB,FR,"GB,FR,IE,LV,IL,HU,CH,RO,DE,MA",2.545065886,Europe,Europe,Northern Europe,0.502079393,0.616419629
Le Gallienne,unset,namsor_api_2.0.30,LATIN,335f5f8b-9f08-4e7c-8f92-6da5772b211c,,Le Gallienne,FR,MR,"FR,MR,BE,IT,IE,ES,CM,CG,BW,ZA",6.148455823,Europe,Europe,Western Europe,0.631958909,0.663316016
Bromby,unset,namsor_api_2.0.30,LATIN,6c15f0c0-41b0-48bb-93ca-2828a59226e4,,Bromby,GB,IE,"GB,IE,SE,LR,CI,SL,FR,NO,ZA,DK",9.88119093,Europe,Europe,Northern Europe,0.771174768,0.804554294
Aksyonova,unset,namsor_api_2.0.30,LATIN,9f2feada-8a65-4846-aefe-9b9f491d19a9,,Aksyonova,RU,KZ,"RU,KZ,UZ,BG,BY,UA,KG,AZ,SK,TM",1.549338863,Europe,Europe,Eastern Europe,0.481784252,0.491908405
Muramats,unset,namsor_api_2.0.30,LATIN,e2a11436-7536-4874-aa91-2e2c415268eb,,Muramats,LV,EE,"LV,EE,UA,NA,ZW,IN,HU,KE,JP,RW",3.058265873,Europe,Europe,Northern Europe,0.507607128,0.624639292
Bowhay,unset,namsor_api_2.0.30,LATIN,9fe21156-18e1-4c04-9cb2-e7edb530f159,,Bowhay,GB,LR,"GB,LR,IE,MU,ET,SL,GM,LA,KH,MR",3.260715045,Europe,Europe,Northern Europe,0.509176117,0.514385171
Kamdibe,unset,namsor_api_2.0.30,LATIN,973107b3-3903-4469-b93c-cbc863a1008c,,Kamdibe,ML,CM,"ML,CM,TD,CI,GN,TG,SN,MR,BF,ZA",4.891938566,Africa,Africa,Western Africa,0.578344159,0.738001015
Woronoff,unset,namsor_api_2.0.30,LATIN,7e85d471-4133-413c-8962-b40af7897a99,,Woronoff,IL,DE,"IL,DE,LR,GB,NL,DK,NO,CH,PL,FR",1.571169667,Asia,Asia,Western Asia,0.482404871,0.788268741
Sharwood,unset,namsor_api_2.0.30,LATIN,a63a18a4-e799-4b64-9850-c215c42015bc,,Sharwood,GB,PK,"GB,PK,IE,AF,EG,SA,SY,IQ,JO,BN",8.402622196,Europe,Europe,Northern Europe,0.730302022,0.780036174
Sargood,unset,namsor_api_2.0.30,LATIN,daac67c2-7a66-4adf-8746-708335db04f4,,Sargood,GB,IE,"GB,IE,PK,LR,IR,EG,AF,PS,IN,JO",9.319224653,Europe,Europe,Northern Europe,0.762072288,0.762072288
Kosovich,unset,namsor_api_2.0.30,LATIN,ebc38563-bc8d-41e0-b494-b9cb696aac68,,Kosovich,BY,UA,"BY,UA,RU,IL,SK,CZ,RS,RS,HU,KZ",0.42468859,Europe,Europe,Eastern Europe,0.400148911,0.644919578
Marshall-Hall,unset,namsor_api_2.0.30,LATIN,f8dde6e2-75c8-4fe3-b4c0-a726a8f75e0b,,Marshall-Hall,GB,EG,"GB,EG,IE,JO,PK,MR,SA,SY,DE,SE",6.617189858,Europe,Europe,Northern Europe,0.658822514,0.748618046
Tychonoff,unset,namsor_api_2.0.30,LATIN,8f7705fd-7740-4f01-bcdf-300116cfb75a,,Tychonoff,RU,BG,"RU,BG,BY,UZ,DE,UA,IL,DK,CZ,FI",1.0006669,Europe,Europe,Eastern Europe,0.463231755,0.463231755
Chinwemma,unset,namsor_api_2.0.30,LATIN,db6a473b-c29a-4af0-970a-113755d1eca8,,Chinwemma,NG,ZW,"NG,ZW,ZM,TH,MW,TZ,ET,TW,IT,DZ",8.32596401,Africa,Africa,Western Africa,0.726084823,0.783837976
Praed,unset,namsor_api_2.0.30,LATIN,ece6bff9-44f7-48d3-94bc-3312cd12edc0,,Praed,TH,BN,"TH,BN,GB,BD,IL,DK,ID,DE,QA,BE",2.180615167,Asia,Asia,South-Eastern Asia,0.496383344,0.497361993
Ibbott,unset,namsor_api_2.0.30,LATIN,63c6786c-53c2-4383-a0b6-3f1c56430d28,,Ibbott,GB,IE,"GB,IE,MR,NE,DE,IL,QA,ML,EE,LR",11.53025187,Europe,Europe,Northern Europe,0.821973322,0.884057498
De Neeve,unset,namsor_api_2.0.30,LATIN,c67d1fa0-2c42-4948-836a-0da9d42d5a63,,De Neeve,BE,NL,"BE,NL,SN,FR,BJ,ZA,NA,MU,CI,IE",7.161440788,Europe,Europe,Western Europe,0.677704105,0.8137377
Brabyn,unset,namsor_api_2.0.30,LATIN,429b2d17-71a8-48e1-9848-06d83b983a2f,,Brabyn,GB,IE,"GB,IE,BE,UA,IL,NO,CZ,DK,FR,NL",0,Europe,Europe,Northern Europe,0.314125114,0.464166581
Toosey,unset,namsor_api_2.0.30,LATIN,5d698eb9-0fb9-4ab2-a783-41cde935ed73,,Toosey,IE,GB,"IE,GB,LR,IL,GH,GM,KH,NG,MU,CH",1.95565285,Europe,Europe,Northern Europe,0.491938152,0.719606162
Hartzler,unset,namsor_api_2.0.30,LATIN,8ded149c-0465-4c06-a48c-776621df6c3f,,Hartzler,DE,AT,"DE,AT,CH,IL,DK,HU,CZ,GB,SE,IE",2.054035363,Europe,Europe,Western Europe,0.493977713,0.508792867
Titheradge,unset,namsor_api_2.0.30,LATIN,2a985399-3a85-46a7-9341-2aaa6f62ded7,,Titheradge,GB,IE,"GB,IE,IN,ZA,BW,NA,LK,TH,ZW,DE",9.616012393,Europe,Europe,Northern Europe,0.767509353,0.831678821
Daluchi,unset,namsor_api_2.0.30,LATIN,387343d2-d999-43f8-822b-1dfe4196d52c,,Daluchi,IT,NG,"IT,NG,LK,CH,IR,MD,TN,TZ,JP,RO",3.391933988,Europe,Europe,Southern Europe,0.510047038,0.513664208
Michelides,unset,namsor_api_2.0.30,LATIN,3fcd9ac0-7902-441c-b63d-5de1a4b1d3cb,,Michelides,CY,GR,"CY,GR,FR,ES,GB,RO,IL,PT,SK,CZ",6.042040186,Asia,Asia,Western Asia,0.623906587,0.940487688
Ryrie,unset,namsor_api_2.0.30,LATIN,83a967b0-904b-4c51-9f99-4ca876ef36ac,,Ryrie,GB,IE,"GB,IE,FR,SR,IL,SL,NO,ZA,DK,BE",8.259294729,Europe,Europe,Northern Europe,0.722145028,0.751008682
Tardent,unset,namsor_api_2.0.30,LATIN,29b0e5ee-c3d4-4947-9d0c-638e4e68a46d,,Tardent,FR,HU,"FR,HU,GB,TR,ES,EE,LR,TD,SE,BE",8.58962865,Europe,Europe,Western Europe,0.73933059,0.751177656
Macrossan,unset,namsor_api_2.0.30,LATIN,b14bbbee-a1ed-4097-85e4-caa5844ab66d,,Macrossan,PS,GB,"PS,GB,CI,LB,IE,FR,BJ,BD,NE,BN",1.218677661,Asia,Asia,Western Asia,0.471284786,0.471284786
Romilly,unset,namsor_api_2.0.30,LATIN,6368ea79-ead3-460c-a27c-b5aa4cfc72b4,,Romilly,FR,IE,"FR,IE,IL,GB,MU,EG,ES,ID,TZ,HU",5.799112926,Europe,Europe,Western Europe,0.604077913,0.74706665
Upjohn,unset,namsor_api_2.0.30,LATIN,fce74cc9-ff9e-48f8-9255-399d3c347ce7,,Upjohn,GB,DE,"GB,DE,LR,NG,SE,KW,NO,MM,NA,IE",7.616041156,Europe,Europe,Northern Europe,0.687247969,0.737696135
Wilsmore,unset,namsor_api_2.0.30,LATIN,cc15516d-1c1f-4e74-bd54-56d53a5a840b,,Wilsmore,GB,IE,"GB,IE,LR,GH,BE,IL,NO,TG,BW,NG",9.66615339,Europe,Europe,Northern Europe,0.76827891,0.817641849
Brizendine,unset,namsor_api_2.0.30,LATIN,ba2d62ff-3141-48d1-8f04-74d7e0ae62c3,,Brizendine,DZ,FR,"DZ,FR,LV,MA,IL,IT,ZA,RW,HU,TD",2.408367641,Africa,Africa,Northern Africa,0.500141847,0.506436018
Matveyeva,unset,namsor_api_2.0.30,LATIN,d735acd8-e1c0-41c1-a1e7-5497365439d7,,Matveyeva,RU,UA,"RU,UA,KZ,BY,UZ,AZ,TM,KG,MD,LV",1.650661949,Europe,Europe,Eastern Europe,0.484590507,0.484590507
Brierly,unset,namsor_api_2.0.30,LATIN,0b5311f2-7836-44cf-9b84-a4b0ad73b4dd,,Brierly,IE,GB,"IE,GB,FR,CH,IL,BE,ZA,DE,LR,HU",8.062859585,Europe,Europe,Northern Europe,0.708886802,0.772441681
Zuyev,unset,namsor_api_2.0.30,LATIN,7e0f96f2-6a21-4bbd-8239-2f0d56de69ff,,Zuyev,AZ,KZ,"AZ,KZ,RU,UA,BY,UZ,TM,TJ,KG,IL",1.547345766,Asia,Asia,Western Asia,0.48172715,0.514123605
Foveaux,unset,namsor_api_2.0.30,LATIN,c971deaa-38dc-4abb-b5e4-4da12912dc95,,Foveaux,FR,BE,"FR,BE,CH,GB,IE,KM,IL,MU,RO,SR",18.7061213,Europe,Europe,Western Europe,0.928253523,0.959759465
Burdekin,unset,namsor_api_2.0.30,LATIN,1d7cc445-464e-4ba1-9a8c-5c07da2d536e,,Burdekin,TR,GB,"TR,GB,RU,IE,IL,HR,ID,UA,KZ,DE",1.207427293,Asia,Asia,Western Asia,0.470890995,0.583531732
Chifo,unset,namsor_api_2.0.30,LATIN,a851ecea-c933-4a81-9f93-2d31cbd826dc,,Chifo,ZW,MZ,"ZW,MZ,ZM,NG,MW,IT,NA,CM,NE,TW",2.031403475,Africa,Africa,Eastern Africa,0.493522023,0.493522023
Hayes-Williams,unset,namsor_api_2.0.30,LATIN,bdd9d944-7570-4162-b319-4415299b7b0e,,Hayes-Williams,GB,GH,"GB,GH,LR,IE,BE,LB,NA,NG,ZA,SY",13.58681659,Europe,Europe,Northern Europe,0.86667278,0.875987624
Fokine,unset,namsor_api_2.0.30,LATIN,050c4f1d-2fac-45c8-9c31-ed715cb23c68,,Fokine,CM,TD,"CM,TD,GB,IL,HU,LV,GH,LR,IE,MA",0.562453985,Africa,Africa,Middle Africa,0.421196483,0.449155458
Despeissis,unset,namsor_api_2.0.30,LATIN,d84ed805-950e-4660-b165-c4d8ff5bdede,,Despeissis,GR,FR,"GR,FR,CY,PT,BE,LB,ET,IL,LK,LV",4.281132891,Europe,Europe,Southern Europe,0.542399871,0.802614112
Gartrell,unset,namsor_api_2.0.30,LATIN,c4818afd-37ba-4426-991b-aaa31b264d2e,,Gartrell,IE,GB,"IE,GB,SE,ES,IL,LR,DE,NO,AT,FR",0.205804193,Europe,Europe,Northern Europe,0.365518569,0.78913256
Narelle,unset,namsor_api_2.0.30,LATIN,fb06ddbf-0b5e-4512-b2b0-da8a3debbfd9,,Narelle,IT,LS,"IT,LS,FR,ML,NE,IN,NA,ES,BW,TD",1.708099323,Europe,Europe,Southern Europe,0.48609825,0.489221183
Pethard,unset,namsor_api_2.0.30,LATIN,8dfe9f32-506b-4e2e-8fc6-e32776b7a00e,,Pethard,GB,DK,"GB,DK,FR,TH,CH,DE,IE,HU,SE,NO",4.356278299,Europe,Europe,Northern Europe,0.548062674,0.595284588
Windradyne,unset,namsor_api_2.0.30,LATIN,afd4f322-6d81-486f-8b24-3100efa7591a,,Windradyne,GB,"ID","GB,ID,IE,HU,DE,IL,BE,MM,ZA,LR",4.862141902,Europe,Europe,Northern Europe,0.577045085,0.62104406
Omeokachie,unset,namsor_api_2.0.30,LATIN,179827eb-52a7-402e-a0b6-2015654df1fe,,Omeokachie,NG,KE,"NG,KE,JP,CI,GH,CM,BW,TD,IL,ER",18.00272118,Africa,Africa,Western Africa,0.923253606,0.950802332
Ejikemeifeuwa,unset,namsor_api_2.0.30,LATIN,d671e592-7f80-455e-97e2-8b793ddea2ca,,Ejikemeifeuwa,NG,CM,"NG,CM,NA,TG,GA,JP,CF,CD,MR,TD",16.63911923,Africa,Africa,Western Africa,0.907916417,0.914799222
Ramsbotham,unset,namsor_api_2.0.30,LATIN,370fdd72-49de-42e7-83d6-7691cda9f219,,Ramsbotham,GB,IN,"GB,IN,MU,IE,TH,LK,NO,KH,EG,SR",9.050267269,Europe,Europe,Northern Europe,0.755538795,0.75637375
Gadsdon,unset,namsor_api_2.0.30,LATIN,b7c94841-dfa5-4c55-89a8-36f7cff595de,,Gadsdon,GB,IE,"GB,IE,FR,DK,IS,IL,SE,LR,SR,GH",13.03960538,Europe,Europe,Northern Europe,0.856654105,0.861384883
Hobler,unset,namsor_api_2.0.30,LATIN,cfc8dfa2-2fd5-4cd0-89fd-3e7245e295a6,,Hobler,AT,CH,"AT,CH,DE,GB,CZ,IL,HU,DK,SI,IE",1.375114515,Europe,Europe,Western Europe,0.476510886,0.601291822
Ratten,unset,namsor_api_2.0.30,LATIN,ddaa013e-aa37-482a-ba8b-b3cd2950dcf6,,Ratten,GB,IE,"GB,IE,CH,DE,NO,NL,IL,MU,DK,FI",2.114318393,Europe,Europe,Northern Europe,0.495153207,0.499239445
Carvosso,unset,namsor_api_2.0.30,LATIN,8b64b54e-3560-4d11-a148-4054fc920791,,Carvosso,IT,PT,"IT,PT,FR,ES,BJ,MZ,CI,IL,GB,CM",2.828346864,Europe,Europe,Southern Europe,0.505437484,0.634667127
Forlonge,unset,namsor_api_2.0.30,LATIN,d7c022a9-976e-40da-8d29-be7c1286dc3d,,Forlonge,NA,CM,"NA,CM,FR,ZA,CD,IT,TZ,NO,IE,LR",0.22622138,Africa,Africa,Southern Africa,0.368794426,0.504671205
Dulhunty,unset,namsor_api_2.0.30,LATIN,e55f1278-6fe8-49fc-a8a7-07ccc2d69f8e,,Dulhunty,MU,IE,"MU,IE,LA,IN,ID,KH,GB,ZA,FR,GH",2.956198068,Africa,Africa,Eastern Africa,0.506699117,0.536486105
Chukwuraenye,unset,namsor_api_2.0.30,LATIN,d8406fb7-dcb0-4f72-bc0b-45b9ce60f939,,Chukwuraenye,NG,ZW,"NG,ZW,TH,BW,NA,KE,MW,RW,TZ,MU",18.10897746,Africa,Africa,Western Africa,0.924251468,0.959462726
Cawker,unset,namsor_api_2.0.30,LATIN,2da5df9f-6aad-4bec-9535-d70c9d629965,,Cawker,GB,IE,"GB,IE,IL,MU,LR,SL,CH,TR,ZA,BD",9.557765675,Europe,Europe,Northern Europe,0.766565578,0.874431662
Lablanc,unset,namsor_api_2.0.30,LATIN,1bfb0f25-56a5-493c-a5a5-703e0bc9abc0,,Lablanc,FR,SI,"FR,SI,HR,CZ,RS,RS,SK,IL,PL,RU",2.32843845,Europe,Europe,Western Europe,0.498901808,0.753901907
Shearston,unset,namsor_api_2.0.30,LATIN,a76ea04c-4f6e-443f-a5fc-e49f3c3e465d,,Shearston,GB,IE,"GB,IE,IL,LR,BD,ZA,NA,GH,SE,MY",4.215185447,Europe,Europe,Northern Europe,0.537077455,0.942403915
Hughes-Jones,unset,namsor_api_2.0.30,LATIN,a122feea-f3a4-47b5-a061-4b51d0668df2,,Hughes-Jones,GB,IE,"GB,IE,NO,BE,FR,NA,NL,ES,HU,DE",19.28174587,Europe,Europe,Northern Europe,0.930397528,0.979902423
Jerger,unset,namsor_api_2.0.30,LATIN,02c8896b-b895-48fd-a200-372cc520536b,,Jerger,AT,CH,"AT,CH,DE,DK,IL,SI,SE,HU,FR,NO",2.486219161,Europe,Europe,Western Europe,0.501272672,0.648473643
Gboliwe,unset,namsor_api_2.0.30,LATIN,6550139c-909c-42bd-b086-b94082a6b0b4,,Gboliwe,TG,LR,"TG,LR,NG,BJ,CD,ZA,CF,CI,GH,BW",0,Africa,Africa,Western Africa,0.323600906,0.489153764
Gouger,unset,namsor_api_2.0.30,LATIN,0c9c9adc-0888-40d4-997f-c2538c3cbd7b,,Gouger,FR,CH,"FR,CH,IL,GB,IE,DE,AT,ZA,NL,DK",9.497350906,Europe,Europe,Western Europe,0.765526835,0.789378492
Edmondstone,unset,namsor_api_2.0.30,LATIN,8f62fe9c-ad69-4e45-bf62-911eabc4c907,,Edmondstone,GB,IE,"GB,IE,IL,NO,SE,FR,LV,NA,DK,HU",10.39852736,Europe,Europe,Northern Europe,0.793198986,0.930299991
Gearheart,unset,namsor_api_2.0.30,LATIN,fe76dbd1-2522-42fc-8730-5413cb70e5c6,,Gearheart,GB,IE,"GB,IE,FR,IL,LR,LB,TH,RO,ZA,ET",2.626824135,Europe,Europe,Northern Europe,0.503134894,0.731500634
Lockington,unset,namsor_api_2.0.30,LATIN,8d651b45-7b73-4cda-8198-342e0d5c7aaa,,Lockington,GB,IE,"GB,IE,FJ,LR,IL,CG,DK,CH,IN,AT",10.45813568,Europe,Europe,Northern Europe,0.795656524,0.962720919
Abron,unset,namsor_api_2.0.30,LATIN,22d70155-c1d9-4557-8c13-64cc96e822f9,,Abron,FR,IL,"FR,IL,GH,CI,GB,ES,TZ,SE,ID,NA",0.948401537,Europe,Europe,Western Europe,0.461171772,0.461171772
Landseer,unset,namsor_api_2.0.30,LATIN,639277f4-3a4a-43ee-b660-9c64bf06d6e6,,Landseer,AT,NL,"AT,NL,NO,DK,EE,SE,BE,DE,CH,IL",6.250106326,Europe,Europe,Western Europe,0.638893482,0.650351379
Rapuluchukwu,unset,namsor_api_2.0.30,LATIN,a4e17e2b-0275-4d69-bf36-9a3fb40fde48,,Rapuluchukwu,NG,BW,"NG,BW,ZA,TZ,ZW,MU,NA,TH,IN,BY",28.36400135,Africa,Africa,Western Africa,0.973965655,0.980688406
Tudawali,unset,namsor_api_2.0.30,LATIN,c2682f89-66b4-45d3-abf2-a7fd7c19b2fe,,Tudawali,SA,JO,"SA,JO,IN,NE,NP,IQ,SY,MW,ID,AF",0.550364597,Asia,Asia,Western Asia,0.419378441,0.419378441
Unaipon,unset,namsor_api_2.0.30,LATIN,9825068f-f910-49f4-b886-d26165f5bd29,,Unaipon,TH,BD,"TH,BD,RO,BN,NG,KH,KZ,NA,FR,MM",6.451985284,Asia,Asia,South-Eastern Asia,0.650747989,0.757343343
Spyer,unset,namsor_api_2.0.30,LATIN,4b0769f8-4a67-40b8-bef3-57d1af0c7598,,Spyer,GB,CH,"GB,CH,DE,AT,IE,IL,ZA,NA,LR,NO",5.790921608,Europe,Europe,Northern Europe,0.603934004,0.735023028
Drake-Brockman,unset,namsor_api_2.0.30,LATIN,f33399f7-6975-4859-acc9-7c59a59fd682,,Drake-Brockman,GB,NL,"GB,NL,BE,IE,IL,SE,DE,GH,SI,HR",7.454143091,Europe,Europe,Northern Europe,0.684333207,0.734585883
Ludowici,unset,namsor_api_2.0.30,LATIN,c283deb6-4c37-4a28-bab1-f76e381c8a39,,Ludowici,DE,IL,"DE,IL,PL,FR,IT,RO,GB,CZ,ID,HU",0.745813602,Europe,Europe,Western Europe,0.447977523,0.491105896
Mashman,unset,namsor_api_2.0.30,LATIN,75ec5820-25ff-4056-875f-9dff51bc0a72,,Mashman,PK,BD,"PK,BD,AF,SY,EG,MY,SA,IR,JO,BN",1.217763678,Asia,Asia,Southern Asia,0.471252883,0.496452933
Basedow,unset,namsor_api_2.0.30,LATIN,70de80f0-aaa7-465e-a00d-98e668cf43b6,,Basedow,DE,TM,"DE,TM,IL,GB,SY,GM,ET,MR,GH,SN",2.979764099,Europe,Europe,Western Europe,0.506916271,0.572770436
Eberegbulam,unset,namsor_api_2.0.30,LATIN,74c556ff-478b-437c-80e1-fe4f4b959257,,Eberegbulam,NG,MR,"NG,MR,EG,MN,ET,TG,AF,BN,TR,BH",16.61057383,Africa,Africa,Western Africa,0.907766271,0.927853969
Trouette,unset,namsor_api_2.0.30,LATIN,39d57103-f97a-4eaa-9c8c-ce4ffe02b764,,Trouette,FR,CI,"FR,CI,ML,TN,BE,IL,BJ,SN,GB,TG",8.772486405,Europe,Europe,Western Europe,0.746668341,0.799381104
Yegorov,unset,namsor_api_2.0.30,LATIN,ba3fd744-79e3-4361-85f5-c25501f2b410,,Yegorov,RU,UZ,"RU,UZ,UA,BG,KZ,BY,TJ,TM,IL,AM",0.616882151,Europe,Europe,Eastern Europe,0.429305632,0.499227454
Corones,unset,namsor_api_2.0.30,LATIN,b9d429db-5c00-4d3b-963b-5ede8b44b433,,Corones,ES,FR,"ES,FR,PT,IE,GB,RO,MD,BE,IL,IT",0.737975412,Europe,Europe,Southern Europe,0.446865363,0.448283229
Eipper,unset,namsor_api_2.0.30,LATIN,f5752c32-20c1-4ef9-a712-e93a0e7b2690,,Eipper,DE,AT,"DE,AT,CH,IL,NL,EE,GB,DK,HU,NO",1.961633228,Europe,Europe,Western Europe,0.492066529,0.684199067
Birdseye,unset,namsor_api_2.0.30,LATIN,4c351edc-ff4c-4d1b-8919-40d9126d4922,,Birdseye,SN,GB,"SN,GB,ET,GH,NE,MR,NG,NO,IE,ML",0.314367809,Africa,Africa,Western Africa,0.382842575,0.487300652
Lavrentyev,unset,namsor_api_2.0.30,LATIN,77d6017c-b570-4d4f-b412-4b379f312c8f,,Lavrentyev,RU,UA,"RU,UA,BY,UZ,BG,IL,MD,KZ,TJ,SI",4.440768565,Europe,Europe,Eastern Europe,0.553953457,0.899845354
Fennescey,unset,namsor_api_2.0.30,LATIN,be1f45ce-a650-45de-af35-cad017d688d0,,Fennescey,IE,GB,"IE,GB,FR,IL,CH,RO,DE,HU,IT,ES",5.91165871,Europe,Europe,Northern Europe,0.612804446,0.760338518
Forwood,unset,namsor_api_2.0.30,LATIN,d0b04dc8-0136-4574-b9af-e05bf281fce2,,Forwood,GB,IE,"GB,IE,LR,GH,AF,SA,PK,NO,EG,SE",10.1289043,Europe,Europe,Northern Europe,0.780056195,0.934177926
McNess,unset,namsor_api_2.0.30,LATIN,c7adcae2-19b4-47ac-a040-7fcca6e0960b,,McNess,IE,GB,"IE,GB,ZA,IL,NO,TZ,MU,LV,NA,MA",2.911979651,Europe,Europe,Northern Europe,0.506279011,0.949610886
Sozonov,unset,namsor_api_2.0.30,LATIN,80d18563-a3ec-416c-8f54-c3ed012c8d8e,,Sozonov,RU,UZ,"RU,UZ,BG,UA,TJ,KG,BY,MD,KZ,MK",3.066206231,Europe,Europe,Eastern Europe,0.507674303,0.651735876
Vicars,unset,namsor_api_2.0.30,LATIN,78658236-dfd5-4a2b-b1b5-d3e52baa70c0,,Vicars,LV,GB,"LV,GB,FR,IE,ES,RO,PT,SE,HR,ZA",4.824014436,Europe,Europe,Northern Europe,0.575326241,0.72405089
Fishbourne,unset,namsor_api_2.0.30,LATIN,85c93c22-0345-4568-a4f2-625d0c24fe5b,,Fishbourne,GB,IE,"GB,IE,IL,FR,TD,MA,IR,LY,DZ,EG",5.689676267,Europe,Europe,Northern Europe,0.602055097,0.866125224
Seleznyova,unset,namsor_api_2.0.30,LATIN,fc01b2e3-05d8-4442-ad67-788d5e19e2a6,,Seleznyova,SK,RU,"SK,RU,CZ,UA,BG,BY,UZ,KZ,AZ,MD",7.360799536,Europe,Europe,Eastern Europe,0.682425586,0.787273367
Bonwick,unset,namsor_api_2.0.30,LATIN,25758305-3d1f-4e93-81b6-db41514898e0,,Bonwick,GB,IE,"GB,IE,DE,IL,CH,BE,TH,SE,ZA,LR",7.234867566,Europe,Europe,Northern Europe,0.679553309,0.790816367
Clogstoun,unset,namsor_api_2.0.30,LATIN,db82e2f0-2d0c-42fa-8017-478ab6b829cd,,Clogstoun,GB,BJ,"GB,BJ,IE,FR,KH,DK,NG,IL,CM,LB",0.646659291,Europe,Europe,Northern Europe,0.433687234,0.492519788
Aksakova,unset,namsor_api_2.0.30,LATIN,ad5ab14d-c29a-459e-a865-33c1bb9de16d,,Aksakova,KZ,RU,"KZ,RU,CZ,SK,BG,UZ,KG,BY,UA,LV",0.301219359,Asia,Asia,Central Asia,0.380758004,0.681939187
Ampt,unset,namsor_api_2.0.30,LATIN,e2bb80eb-2203-4590-9405-59481ca75b25,,Ampt,NL,BE,"NL,BE,SR,GH,FR,BN,DE,KM,TH,EG",1.609896719,Europe,Europe,Western Europe,0.483484146,0.505813427
De Mestre,unset,namsor_api_2.0.30,LATIN,464eeeb2-f00a-4fac-837a-adc81e4d4a71,,De Mestre,PT,BE,"PT,BE,ES,FR,IT,ET,TG,MR,SN,NL",0.637415343,Europe,Europe,Southern Europe,0.432331299,0.440669671
Whiddon,unset,namsor_api_2.0.30,LATIN,5fff9dea-a97f-4305-9e8e-9c424b8eb6ee,,Whiddon,GB,IE,"GB,IE,IL,LR,TH,FJ,QA,GH,BN,SR",12.9938985,Europe,Europe,Northern Europe,0.855542323,0.959972444
De Garis,unset,namsor_api_2.0.30,LATIN,a8de6571-0446-47fa-936e-9d5ae95754cd,,De Garis,FR,IE,"FR,IE,AE,AF,AL,AM,AT,AZ,BA,BD",11.19943503,Europe,Europe,Western Europe,0.816603143,0.996215096
Yirawala,unset,namsor_api_2.0.30,LATIN,10ac5519-2f1f-4526-84a2-2a4050d603cd,,Yirawala,MW,CD,"MW,CD,LK,IN,ET,TH,CG,NE,NG,UG",0,Africa,Africa,Eastern Africa,0.269809165,0.343976556
Nwokezuike,unset,namsor_api_2.0.30,LATIN,3c794137-8568-4e32-a657-b4623241a51e,,Nwokezuike,NG,CM,"NG,CM,ZA,GA,NA,MM,JP,MW,LS,CD",35.33155642,Africa,Africa,Western Africa,0.993718177,0.996215096
Menhennitt,unset,namsor_api_2.0.30,LATIN,02e0729d-a8eb-40b0-8de8-7ea67bb5e685,,Menhennitt,DE,GB,"DE,GB,IL,IE,DZ,KH,TH,EE,AT,MR",0.519205729,Europe,Europe,Western Europe,0.414665681,0.490790593
Goering,unset,namsor_api_2.0.30,LATIN,58e257a1-e417-44d6-8ae2-8289f31e7b56,,Goering,DE,NL,"DE,NL,CH,DK,SE,AT,ID,IL,BT,SR",6.247539776,Europe,Europe,Western Europe,0.638726894,0.880660023
Bogolyubova,unset,namsor_api_2.0.30,LATIN,e49893c4-0e6c-4f14-8915-490abcfa6de1,,Bogolyubova,RU,UA,"RU,UA,BG,SK,BY,UZ,KZ,CZ,GE,MD",5.605740911,Europe,Europe,Eastern Europe,0.600347601,0.649852609
Zinachukwudi,unset,namsor_api_2.0.30,LATIN,ff7f5a8f-3cb7-4390-ba2e-72c0fb4f0503,,Zinachukwudi,NG,ZW,"NG,ZW,MA,ZA,MW,CD,GH,ET,CM,BY",11.78136643,Africa,Africa,Western Africa,0.825014717,0.893056423
Zikoranaudodimma,unset,namsor_api_2.0.30,LATIN,614171fb-540f-4d77-88a9-dcf2d9fa45b4,,Zikoranaudodimma,LV,CZ,"LV,CZ,ZA,NE,NG,TD,LT,CF,ZW,IL",3.503066974,Europe,Europe,Northern Europe,0.510705571,0.514769027
Kibby,unset,namsor_api_2.0.30,LATIN,3efc13e2-f66c-46aa-b516-2e11803db0c5,,Kibby,GB,IE,"GB,IE,IL,BD,GM,LR,SL,KE,ML,DK",3.499586084,Europe,Europe,Northern Europe,0.510685971,0.755431166
Dumetolisa,unset,namsor_api_2.0.30,LATIN,bab32a6a-f9b4-4c24-b003-bd9700c9bf3a,,Dumetolisa,ZA,RO,"ZA,RO,BW,LS,LV,HR,NA,MD,KZ,UA",6.168149813,Africa,Africa,Southern Africa,0.633357817,0.651448882
Iheatu,unset,namsor_api_2.0.30,LATIN,8e514441-fa37-4149-9185-80da7f8dcb28,,Iheatu,NG,RO,"NG,RO,GH,NA,ER,MD,KE,ET,TZ,TG",13.63371495,Africa,Africa,Western Africa,0.867302922,0.912192205
Ross-Watt,unset,namsor_api_2.0.30,LATIN,c6707f33-dcda-41e9-8025-56c851925bfa,,Ross-Watt,GB,DE,"GB,DE,IE,CH,SE,AT,BN,NO,IL,EE",10.00074122,Europe,Europe,Northern Europe,0.772534924,0.80733893
Takasuka,unset,namsor_api_2.0.30,LATIN,4c696467-196c-4b50-918f-a06760ea28de,,Takasuka,JP,ZW,"JP,ZW,LS,CD,HU,TH,FJ,AL,NA,UG",18.06658893,Asia,Asia,Eastern Asia,0.923866057,0.972947503
Paramor,unset,namsor_api_2.0.30,LATIN,5a431da7-bfec-4213-ab46-8879f3eb0221,,Paramor,IN,GB,"IN,GB,IL,HU,ES,TH,GH,MU,EE,FR",0,Asia,Asia,Southern Asia,0.176191921,0.24222367
Algeranoff,unset,namsor_api_2.0.30,LATIN,f76444d8-d440-4afc-9aef-1688686e7ed9,,Algeranoff,SA,IQ,"SA,IQ,DE,IL,SE,BG,NO,AZ,EG,YE",6.049714487,Asia,Asia,Western Asia,0.624516258,0.652608465
Balsillie,unset,namsor_api_2.0.30,LATIN,98cf5ea7-67d1-45c9-9cfc-51546053998b,,Balsillie,LR,GB,"LR,GB,IL,FR,IE,NO,BE,ZA,BW,IT",0.031197734,Africa,Africa,Western Africa,0.33729234,0.660835126
Charteris,unset,namsor_api_2.0.30,LATIN,f6b3f1b0-885e-431f-b6b0-3aec8dfc4548,,Charteris,CY,GR,"CY,GR,GB,FR,IE,IL,LT,BE,LR,ES",2.422822966,Asia,Asia,Western Asia,0.500357442,0.680217265
Mosman,unset,namsor_api_2.0.30,LATIN,a7bf99f5-6999-4cde-8c9c-08cffe1064f7,,Mosman,IL,NL,"IL,NL,MY,BE,BN,NE,SD,ZA,RO,EG",0.353948443,Asia,Asia,Western Asia,0.389091299,0.491490349
Beit,unset,namsor_api_2.0.30,LATIN,5bbafdd3-ec58-4b89-8036-4e0e88be9c79,,Beit,DE,IL,"DE,IL,NO,MR,NL,FR,AT,KZ,CH,LB",6.882957034,Europe,Europe,Western Europe,0.669318786,0.715754256
Mauldon,unset,namsor_api_2.0.30,LATIN,9c405893-5309-43a5-a65b-90f9816ec711,,Mauldon,GB,IE,"GB,IE,FR,MU,IL,TZ,ES,ID,NO,DK",0.666654463,Europe,Europe,Northern Europe,0.436606762,0.817235239
Schnaars,unset,namsor_api_2.0.30,LATIN,ed2f589b-7291-4303-916b-7a682e8f1566,,Schnaars,NL,DE,"NL,DE,IL,DK,CH,PS,EE,AT,ZA,NO",1.92856054,Europe,Europe,Western Europe,0.491349307,0.741652633
Yewen,unset,namsor_api_2.0.30,LATIN,74bf7768-fff5-42cf-aefb-a3c5018073e5,,Yewen,CN,TW,"CN,TW,LR,MY,BN,ET,GB,NG,HK,BD",0.383391848,Asia,Asia,Eastern Asia,0.393711872,0.485444901
Mountgarrett,unset,namsor_api_2.0.30,LATIN,20eb866c-90d3-4de1-a7bc-2e4b1653f6be,,Mountgarrett,GB,IE,"GB,IE,ML,MR,NE,CG,GA,MA,TD,FR",8.112895268,Europe,Europe,Northern Europe,0.71251479,0.776063853
Torkelson,unset,namsor_api_2.0.30,LATIN,d9dee85b-5b99-4e0f-a241-490a6d86b69b,,Torkelson,SE,IS,"SE,IS,LR,GB,NO,EE,FI,DK,IE,IL",10.69257749,Europe,Europe,Northern Europe,0.804018511,0.81144775
Ukaegbulam,unset,namsor_api_2.0.30,LATIN,2b69c6ba-7156-43a9-9b12-8f42c3fb0c42,,Ukaegbulam,NG,TH,"NG,TH,MN,BN,IN,LY,IQ,BD,QA,SA",20.63765282,Africa,Africa,Western Africa,0.942294389,0.963466591
Vassiliev,unset,namsor_api_2.0.30,LATIN,f1ac17cc-8faa-436f-b849-36ddca6cae39,,Vassiliev,BG,RU,"BG,RU,KZ,UZ,UA,MD,BY,IL,MK,EE",15.26689484,Europe,Europe,Eastern Europe,0.892650676,0.914139423
Steigrad,unset,namsor_api_2.0.30,LATIN,6dfc3995-4c9b-4d0c-a37f-b34e2bb4c974,,Steigrad,NO,DE,"NO,DE,AT,IL,CH,GB,HU,SE,CZ,DK",2.350432815,Europe,Europe,Northern Europe,0.499251255,0.499251255
Winter-Irving,unset,namsor_api_2.0.30,LATIN,1ce8d125-7de9-4c21-bc85-dfe450a15812,,Winter-Irving,GB,SE,"GB,SE,NL,DK,NO,MM,DE,IE,AT,FI",4.108237687,Europe,Europe,Northern Europe,0.527688052,0.566683852
O'Neill,unset,namsor_api_2.0.30,LATIN,fde044c6-5126-4c69-a107-cec0338611e8,,O'Neill,IE,GB,"IE,GB,MR,IL,DE,QA,CH,AE,AT,JO",11.42282981,Europe,Europe,Northern Europe,0.820420161,0.996215096
Ashbolt,unset,namsor_api_2.0.30,LATIN,ffbe0fd3-fc9a-44d3-b879-14d66d379cf5,,Ashbolt,GB,IE,"GB,IE,IL,NO,IR,MN,KW,LY,EG,HU",13.28695597,Europe,Europe,Northern Europe,0.861863454,0.871628056
Obielumani,unset,namsor_api_2.0.30,LATIN,d57f6025-dfb9-4907-8de4-bc66845680f1,,Obielumani,NG,KE,"NG,KE,SA,JO,GH,IT,TZ,SY,CG,GA",0.81646759,Africa,Africa,Western Africa,0.455760769,0.758913509
Rubensohn,unset,namsor_api_2.0.30,LATIN,704904d7-1379-459d-8902-d8dcfdd3027a,,Rubensohn,DE,IL,"DE,IL,SE,DK,CH,CZ,GB,AT,EE,NO",5.2066108,Europe,Europe,Western Europe,0.589965884,0.858851991
Wollstonecraft,unset,namsor_api_2.0.30,LATIN,5f725b14-7344-4591-8d93-87af3d729357,,Wollstonecraft,GB,DE,"GB,DE,SE,IL,NO,BE,AT,NL,IE,DK",5.296883407,Europe,Europe,Northern Europe,0.592685274,0.808496823
Voronoff,unset,namsor_api_2.0.30,LATIN,d449213a-a3cb-42c2-9085-3ede26261ef4,,Voronoff,RU,DE,"RU,DE,BY,UA,BG,IL,UZ,FI,HU,FR",4.47799585,Europe,Europe,Eastern Europe,0.55639871,0.564959684
McNaughtan,unset,namsor_api_2.0.30,LATIN,7b8cefe4-110b-4680-95cb-70eb467c1ed3,,McNaughtan,IE,GB,"IE,GB,MM,PK,QA,KW,SA,IL,SR,FJ",8.035036425,Europe,Europe,Northern Europe,0.706789517,0.985291379
O'Loghlen,unset,namsor_api_2.0.30,LATIN,adde7616-1ddd-4c2c-8597-41abf610fcde,,O'Loghlen,IE,GB,"IE,GB,SE,NO,DK,SI,CH,QA,DE,KW",23.78073719,Europe,Europe,Northern Europe,0.959953478,0.984819628
Howarde,unset,namsor_api_2.0.30,LATIN,f7b1b48c-9e5c-41e9-950a-3b387ec5c7ce,,Howarde,GB,IE,"GB,IE,LR,DE,NA,DK,IN,LK,LB,SR",0.140718572,Europe,Europe,Northern Europe,0.355033254,0.65142056
Simpkinson,unset,namsor_api_2.0.30,LATIN,7081b1d6-5db0-4f4c-a376-9cb88cb4058f,,Simpkinson,GB,IE,"GB,IE,SE,IS,EE,IL,BJ,NG,LR,TH",11.87805721,Europe,Europe,Northern Europe,0.825996671,0.942440965
Hagins,unset,namsor_api_2.0.30,LATIN,37855f13-6384-4804-9ba1-21477c0271f5,,Hagins,LV,IE,"LV,IE,GB,NL,ZA,IL,BE,NA,DE,CH",1.671789984,Europe,Europe,Northern Europe,0.48515203,0.519037201
Macfarlan,unset,namsor_api_2.0.30,LATIN,25222cec-b54e-4f1b-a823-252ffa2001f1,,Macfarlan,IE,GB,"IE,GB,RO,ID,KZ,MD,LR,FR,IL,ZA",0.294872339,Europe,Europe,Northern Europe,0.379750262,0.876873323
Yefimov,unset,namsor_api_2.0.30,LATIN,4fb1b92f-ea53-4734-b16b-cb3f6e691bdf,,Yefimov,UA,UZ,"UA,UZ,RU,KZ,BY,AZ,BG,TJ,TM,IL",3.480070999,Europe,Europe,Eastern Europe,0.510574886,0.649230281
Rounsevell,unset,namsor_api_2.0.30,LATIN,c6cdeb22-38af-4b28-9804-59db3dc71a52,,Rounsevell,GB,IE,"GB,IE,IL,SE,NO,FR,ZA,NL,EE,DK",7.745972445,Europe,Europe,Northern Europe,0.689269126,0.9179123
Keldie,unset,namsor_api_2.0.30,LATIN,f0cbf80b-268e-4cc1-a2f7-32998dab0ac2,,Keldie,GB,ET,"GB,ET,IE,IL,LR,NL,ZA,BW,EE,TD",5.322542394,Europe,Europe,Northern Europe,0.593414906,0.641142873
Streeten,unset,namsor_api_2.0.30,LATIN,9a9a7b3a-d36d-4edb-a3d3-433cf50e144e,,Streeten,BE,NL,"BE,NL,NO,GB,DE,CH,SE,IE,IL,DK",0.578522492,Europe,Europe,Western Europe,0.423603593,0.446412322
Lanford,unset,namsor_api_2.0.30,LATIN,b4c2593c-5d2b-4038-8bc7-15e12953e524,,Lanford,GB,IE,"GB,IE,SE,FR,LR,GH,DK,NO,DE,TZ",5.450897563,Europe,Europe,Northern Europe,0.596798901,0.808751573
Barling,unset,namsor_api_2.0.30,LATIN,e94050b5-37fa-43c2-8e07-3a92bd6096fb,,Barling,GB,SE,"GB,SE,IE,DE,NO,CH,NL,DK,LR,ID",4.241783596,Europe,Europe,Northern Europe,0.539265234,0.58444132
Sandefur,unset,namsor_api_2.0.30,LATIN,b6668347-f789-44e3-b46d-ee3c60f501c1,,Sandefur,SE,LR,"SE,LR,ID,GB,IN,NO,MU,IL,FR,TR",4.542677,Europe,Europe,Northern Europe,0.560441228,0.651125589
Fyans,unset,namsor_api_2.0.30,LATIN,d095176b-5622-4f2b-a3b1-a5bb1b59b87b,,Fyans,GB,IE,"GB,IE,LV,BE,IL,GH,ZA,BN,LR,ID",2.645971317,Europe,Europe,Northern Europe,0.503371513,0.734945248
Bancks,unset,namsor_api_2.0.30,LATIN,c8c09126-87d2-4626-82c5-59f7cacb3c63,,Bancks,GB,LV,"GB,LV,IL,IE,BE,ZA,DE,LR,LT,NL",7.820283265,Europe,Europe,Northern Europe,0.690312456,0.746022972
Cambage,unset,namsor_api_2.0.30,LATIN,8f910916-e116-40d5-a68d-5c5586a61a54,,Cambage,GB,FR,"GB,FR,IE,MZ,LK,SN,LR,TZ,IT,BE",4.356984444,Europe,Europe,Northern Europe,0.548113946,0.630801577
O'Connor,unset,namsor_api_2.0.30,LATIN,20ece89c-18f5-47c6-82be-3e457998badf,,O'Connor,IE,GB,"IE,GB,GH,LR,SL,QA,NG,BN,MY,IL",23.34121284,Europe,Europe,Northern Europe,0.957412935,0.996215096
Whitelegge,unset,namsor_api_2.0.30,LATIN,6c9a9676-a208-46c4-83f4-a5df182efdba,,Whitelegge,GB,IE,"GB,IE,IL,NO,NL,DE,FJ,BW,LR,BE",7.006558877,Europe,Europe,Northern Europe,0.673329248,0.950716331
Loewenthal,unset,namsor_api_2.0.30,LATIN,0dd739bf-af4a-4818-bb68-495c5253c033,,Loewenthal,DE,IL,"DE,IL,FR,AT,CH,KH,NL,NO,SE,EE",8.189005747,Europe,Europe,Western Europe,0.717696987,0.89690568
Aikenhead,unset,namsor_api_2.0.30,LATIN,877a87e2-494c-481c-9cf0-ecd8412a4757,,Aikenhead,GB,IE,"GB,IE,SA,IL,MY,NG,GH,AE,QA,BN",10.79873973,Europe,Europe,Northern Europe,0.807206352,0.93860994
Demaine,unset,namsor_api_2.0.30,LATIN,351e1a74-fb47-457c-9ff9-97924417bf24,,Demaine,FR,BE,"FR,BE,IE,TD,DZ,GB,MR,ML,CM,LR",6.747854545,Europe,Europe,Western Europe,0.664330544,0.664330544
Kepley,unset,namsor_api_2.0.30,LATIN,db90a83f-7532-42e8-a6ec-16392a5cd168,,Kepley,LR,GB,"LR,GB,IE,IL,HU,MY,AT,CI,TG,BN",2.781520379,Africa,Africa,Western Africa,0.504938238,0.505554253
Wentworth-Shields,unset,namsor_api_2.0.30,LATIN,e6e61cba-9406-4e76-a345-aadc8919f406,,Wentworth-Shields,GB,IE,"GB,IE,NL,DE,ZA,GH,DK,IL,LR,SE",12.94670867,Europe,Europe,Northern Europe,0.85433989,0.907364243
Otitodilichukwu,unset,namsor_api_2.0.30,LATIN,cec7ffbf-ee39-4b9d-b2cd-0d35b5d4e4a3,,Otitodilichukwu,NG,KE,"NG,KE,GH,BW,UG,CD,ZA,CG,TZ,BY",35.09382308,Africa,Africa,Western Africa,0.993372031,0.993372031
Chiefo,unset,namsor_api_2.0.30,LATIN,c3708cde-6492-4a56-bdb7-0ddc0105355d,,Chiefo,NG,CM,"NG,CM,TW,IT,LS,BJ,ZW,BW,GH,MZ",8.46927318,Africa,Africa,Western Africa,0.73371506,0.788424217
Buddicom,unset,namsor_api_2.0.30,LATIN,e6d51f89-ada0-421b-8a87-1e06daa7e829,,Buddicom,TH,GB,"TH,GB,MU,ID,IN,LK,NL,UG,GH,RO",3.798968956,Asia,Asia,South-Eastern Asia,0.512156375,0.584879402
Gilleland,unset,namsor_api_2.0.30,LATIN,bdd24edb-565e-4dc0-9281-3180ee6a922b,,Gilleland,IE,GB,"IE,GB,NO,FR,SE,IL,CH,NL,DE,BE",0,Europe,Europe,Northern Europe,0.280518502,0.433169781
Burfitt,unset,namsor_api_2.0.30,LATIN,fbfabe4c-f118-4689-8d17-f93e267681c5,,Burfitt,GB,IE,"GB,IE,DE,IL,CH,FR,ID,DK,AT,EE",12.43846451,Europe,Europe,Northern Europe,0.83706086,0.94552288
Suttor,unset,namsor_api_2.0.30,LATIN,981c7f5a-c2c7-4659-8230-5d315d8b7396,,Suttor,GB,CH,"GB,CH,MU,HU,IE,LR,TH,GH,EE,BD",0.186509269,Europe,Europe,Northern Europe,0.362416453,0.440057084
Quaife,unset,namsor_api_2.0.30,LATIN,d2b0faf1-3e0c-4ef1-bac2-09ac7bcea152,,Quaife,GH,IE,"GH,IE,GB,MZ,LR,NG,SA,BD,JO,MA",3.054215637,Africa,Africa,Western Africa,0.507572675,0.65269464
Mactier,unset,namsor_api_2.0.30,LATIN,b9f17a9d-ee04-4127-90fc-046ffd78c2a0,,Mactier,FR,GB,"FR,GB,IE,CH,ZA,BE,IL,AT,DE,PS",0.114474734,Europe,Europe,Western Europe,0.350790539,0.426863709
McGuffog,unset,namsor_api_2.0.30,LATIN,e548e23b-4df6-4c05-a90b-f2a5be3e2623,,McGuffog,IE,GB,"IE,GB,FJ,KM,QA,GH,SR,GM,BT,BN",3.782975137,Europe,Europe,Northern Europe,0.512087958,0.944964132
To Rot,unset,namsor_api_2.0.30,LATIN,45e901fd-9fc6-4f21-b605-df9ab44f290b,,To Rot,ES,IT,"ES,IT,FR,ID,NA,BN,ZA,BD,MG,KE",0.046107191,Europe,Europe,Southern Europe,0.339711624,0.361385413
Higinbotham,unset,namsor_api_2.0.30,LATIN,ac902cda-c9cc-4954-b587-5614c7931c70,,Higinbotham,GB,IE,"GB,IE,TH,KH,LA,IN,VN,IL,EG,SY",8.103913662,Europe,Europe,Northern Europe,0.71187684,0.872619517
Trevascus,unset,namsor_api_2.0.30,LATIN,d8bec599-0890-4baa-b783-2caef0927ac0,,Trevascus,LV,FR,"LV,FR,LT,MD,GB,ES,RO,IT,IL,EE",1.121575458,Europe,Europe,Northern Europe,0.467807267,0.467807267
Maconochie,unset,namsor_api_2.0.30,LATIN,c27637b2-5eec-4c91-989a-1dcad9a49647,,Maconochie,GB,IE,"GB,IE,RO,FR,ZA,KE,NG,MZ,IL,CI",8.484839315,Europe,Europe,Northern Europe,0.734479941,0.812292911
Carandini,unset,namsor_api_2.0.30,LATIN,7be50ccd-894f-4f72-88f3-d3a50bd2afdc,,Carandini,IT,AL,"IT,AL,FR,XK,ID,ZA,IL,ES,MD,PT",18.90133128,Europe,Europe,Southern Europe,0.929122293,0.947166611
Spaull,unset,namsor_api_2.0.30,LATIN,0c36f918-bc53-4da6-820d-992f195fa04d,,Spaull,GB,IE,"GB,IE,DE,MU,SE,NO,IL,AT,CH,FR",3.763376632,Europe,Europe,Northern Europe,0.512002683,0.754034038
Dunbabin,unset,namsor_api_2.0.30,LATIN,116b8ef3-4567-463a-ad4d-bf64d16b9d5e,,Dunbabin,GB,IE,"GB,IE,TR,IL,MU,FR,CN,RU,SA,GH",1.420703213,Europe,Europe,Northern Europe,0.477946168,0.637928695
Chimaoke,unset,namsor_api_2.0.30,LATIN,ec587df1-c0a3-4d9a-829c-0f27e5800d48,,Chimaoke,NG,ZW,"NG,ZW,MW,BW,ZM,TH,JP,KE,BJ,TZ",5.791132758,Africa,Africa,Western Africa,0.603937729,0.659933433
Fulks,unset,namsor_api_2.0.30,LATIN,be328f4d-b120-457a-877b-9605d4c2502f,,Fulks,GB,IE,"GB,IE,LV,SL,IL,DE,LR,HU,CZ,ZA",7.838192311,Europe,Europe,Northern Europe,0.690552526,0.761539666
O'Toole,unset,namsor_api_2.0.30,LATIN,8e1f5422-e09b-4ba6-b040-5f0871374385,,O'Toole,IE,GB,"IE,GB,NG,UG,NA,ZA,LS,MW,BJ,MU",23.37280242,Europe,Europe,Northern Europe,0.957635051,0.981214587
Leibius,unset,namsor_api_2.0.30,LATIN,5d377211-13fb-41c8-902a-7f3e67b25da9,,Leibius,DE,LT,"DE,LT,EE,LV,NA,IL,ZA,RO,NL,DK",1.453384929,Europe,Europe,Western Europe,0.478950828,0.496747941
Stradford,unset,namsor_api_2.0.30,LATIN,35908e8d-c5f0-496e-b04f-42b44f80ff95,,Stradford,GB,IE,"GB,IE,SE,NO,DK,DE,FR,CH,NL,HU",7.718909381,Europe,Europe,Northern Europe,0.688869499,0.75742059
Onyenachiya,unset,namsor_api_2.0.30,LATIN,9aaea2dc-7021-4369-80c3-51c2a0294ce5,,Onyenachiya,NG,KE,"NG,KE,CD,JP,TH,CG,NA,LK,LA,ZW",9.571090945,Africa,Africa,Western Africa,0.766786362,0.782565552
Vanzetti,unset,namsor_api_2.0.30,LATIN,b928a5b4-eebb-40e0-9ae2-066772d28e1a,,Vanzetti,IT,FR,"IT,FR,CH,IL,FI,NA,IN,ZA,HU,CI",24.98916789,Europe,Europe,Southern Europe,0.963181521,0.968668761
Chifley,unset,namsor_api_2.0.30,LATIN,9539efbb-794d-4746-8741-1b30d21d9012,,Chifley,MY,NE,"MY,NE,IE,ET,ZW,FR,GB,LR,BT,MW",1.550800407,Asia,Asia,South-Eastern Asia,0.481826078,0.481826078
McClaran,unset,namsor_api_2.0.30,LATIN,386fe7ab-a1cb-44b9-8306-a6f211f8cf30,,McClaran,IE,GB,"IE,GB,IL,IN,LK,LR,RO,TR,ZA,KW",7.517897415,Europe,Europe,Northern Europe,0.685537577,0.94920999
Lampungmeiua,unset,namsor_api_2.0.30,LATIN,8b02fe0d-cae2-4d63-bd90-9199cdbeafb8,,Lampungmeiua,TH,LA,"TH,LA,MZ,GH,NA,EE,FI,DE,CG,TG",1.72597099,Asia,Asia,South-Eastern Asia,0.486555331,0.51321912
Pettry,unset,namsor_api_2.0.30,LATIN,7d3f14e6-b621-488e-b8b3-52e8267a1c63,,Pettry,FR,KH,"FR,KH,IL,IN,GB,IE,HU,BN,LR,ID",4.317280913,Europe,Europe,Western Europe,0.545175648,0.564736081
Bufkin,unset,namsor_api_2.0.30,LATIN,e0c10893-e35f-47fc-ba43-c4fe5395d2a2,,Bufkin,RU,IL,"RU,IL,BN,GB,BY,KH,TR,UA,BE,MU",0,Europe,Europe,Eastern Europe,0.221448586,0.251458118
Norriss,unset,namsor_api_2.0.30,LATIN,005ff876-6057-4f31-9be8-2232f9583b26,,Norriss,GB,IE,"GB,IE,SE,IL,MA,DK,LV,HU,NO,EE",3.758737226,Europe,Europe,Northern Europe,0.511982262,0.735512057
Vagin,unset,namsor_api_2.0.30,LATIN,f409a999-ad34-4a74-a87d-bb14d2998fab,,Vagin,RU,UA,"RU,UA,EE,RS,RS,IL,BY,FR,TR,SK",11.87546298,Europe,Europe,Eastern Europe,0.825971545,0.827652927
Pokrovskii,unset,namsor_api_2.0.30,LATIN,b6eeeba4-75b5-40b8-9193-f9314229b228,,Pokrovskii,RU,UA,"RU,UA,BY,IL,MK,MD,LV,RS,RS,CZ",6.1805014,Europe,Europe,Eastern Europe,0.634221281,0.922509878
Rearick,unset,namsor_api_2.0.30,LATIN,30a6aca0-fd4c-4b74-b8ec-a270b7fc56ad,,Rearick,IE,GB,"IE,GB,IL,MU,DE,ZA,PS,TH,MR,KH",1.303602181,Europe,Europe,Northern Europe,0.474179726,0.721735434
